-- phpMyAdmin SQL Dump
-- version 3.2.4
-- http://www.phpmyadmin.net
--
-- Host: localhost
-- Generation Time: Jan 15, 2013 at 10:35 AM
-- Server version: 5.1.41
-- PHP Version: 5.3.1

SET SQL_MODE="NO_AUTO_VALUE_ON_ZERO";


/*!40101 SET @OLD_CHARACTER_SET_CLIENT=@@CHARACTER_SET_CLIENT */;
/*!40101 SET @OLD_CHARACTER_SET_RESULTS=@@CHARACTER_SET_RESULTS */;
/*!40101 SET @OLD_COLLATION_CONNECTION=@@COLLATION_CONNECTION */;
/*!40101 SET NAMES utf8 */;

--
-- Database: `kids_db`
--

-- --------------------------------------------------------

--
-- Table structure for table `bill_billing_address`
--

CREATE TABLE IF NOT EXISTS `bill_billing_address` (
  `billing_address_ID` int(11) NOT NULL AUTO_INCREMENT,
  `billing_user_first_name` varchar(255) NOT NULL,
  `billing_user_last_name` varchar(255) NOT NULL,
  `billing_user_unit` varchar(255) NOT NULL,
  `billing_user_street` varchar(255) NOT NULL,
  `billing_user_subburb` varchar(255) NOT NULL,
  `billing_user_state` varchar(255) NOT NULL,
  `billing_user_pincode` varchar(100) NOT NULL,
  `billing_user_country` varchar(255) NOT NULL,
  `billing_user_email` varchar(255) NOT NULL,
  `billing_user_phone` varchar(20) NOT NULL,
  `billing_user_mobile` varchar(20) NOT NULL,
  `billing_bill_master_ID` int(11) NOT NULL,
  PRIMARY KEY (`billing_address_ID`)
) ENGINE=MyISAM  DEFAULT CHARSET=latin1 AUTO_INCREMENT=75 ;

--
-- Dumping data for table `bill_billing_address`
--

INSERT INTO `bill_billing_address` (`billing_address_ID`, `billing_user_first_name`, `billing_user_last_name`, `billing_user_unit`, `billing_user_street`, `billing_user_subburb`, `billing_user_state`, `billing_user_pincode`, `billing_user_country`, `billing_user_email`, `billing_user_phone`, `billing_user_mobile`, `billing_bill_master_ID`) VALUES
(3, 'dipali', 'desai', 'erererer', 'etet', 'surat', 'gujarat', '395004', 'India', 'd@d.com', '', '6789054689', 18),
(2, 'dipali', 'desai', 'erererer', 'etet', 'surat', 'gujarat', '395004', 'India', 'd@d.com', '', '6789054689', 17),
(4, 'dipali', 'desai', 'erererer', 'etet', 'surat', 'gujarat', '395004', 'India', 'd@d.com', '', '6789054689', 19),
(5, 'dipali', 'desai', 'erererer', 'etet', 'surat', 'gujarat', '395004', 'India', 'd@d.com', '', '6789054689', 20),
(6, 'dipali', 'desai', 'erererer', 'etet', 'surat', 'gujarat', '395004', 'India', 'd@d.com', '', '6789054689', 21),
(7, 'dipali', 'desai', 'erererer', 'etet', 'surat', 'gujarat', '395004', 'India', 'd@d.com', '', '6789054689', 22),
(8, 'dipali', 'desai', 'erererer', 'etet', 'surat', 'gujarat', '395004', 'India', 'd@d.com', '', '6789054689', 23),
(9, 'dipali', 'desai', 'erererer', 'etet', 'surat', 'gujarat', '395004', 'India', 'd@d.com', '', '6789054689', 24),
(10, 'dipali', 'desai', 'erererer', 'etet', 'surat', 'gujarat', '395004', 'India', 'd@d.com', '', '6789054689', 25),
(11, 'dipali', 'desai', 'erererer', 'etet', 'surat', 'gujarat', '395004', 'India', 'd@d.com', '', '6789054689', 26),
(12, 'dipali', 'desai', 'erererer', 'etet', 'surat', 'gujarat', '395004', 'India', 'd@d.com', '', '6789054689', 27),
(13, 'dipali', 'desai', 'erererer', 'etet', 'surat', 'gujarat', '395004', 'India', 'd@d.com', '', '6789054689', 28),
(14, 'dipali', 'desai', 'erererer', 'etet', 'surat', 'gujarat', '395004', 'India', 'd@d.com', '', '6789054689', 29),
(15, 'dipali', 'desai', 'erererer', 'etet', 'surat', 'gujarat', '395004', 'India', 'd@d.com', '', '6789054689', 30),
(16, 'dipali', 'desai', 'erererer', 'etet', 'surat', 'gujarat', '395004', 'India', 'd@d.com', '', '6789054689', 31),
(17, 'dipali', 'desai', 'erererer', 'etet', 'surat', 'gujarat', '395004', 'India', 'd@d.com', '', '6789054689', 32),
(18, 'dipali', 'desai', 'erererer', 'etet', 'surat', 'gujarat', '395004', 'India', 'd@d.com', '', '6789054689', 33),
(19, 'dipali', 'desai', 'erererer', 'etet', 'surat', 'gujarat', '395004', 'India', 'd@d.com', '', '6789054689', 34),
(20, 'dipali', 'desai', 'erererer', 'etet', 'surat', 'gujarat', '395004', 'India', 'd@d.com', '', '6789054689', 35),
(21, 'dipali', 'desai', 'erererer', 'etet', 'surat', 'gujarat', '395004', 'India', 'd@d.com', '', '6789054689', 36),
(22, 'dipali', 'desai', 'erererer', 'etet', 'surat', 'gujarat', '395004', 'India', 'd@d.com', '', '6789054689', 37),
(23, 'dipali', 'desai', 'erererer', 'etet', 'surat', 'gujarat', '0200', 'Australia', 'd@d.com', '', '6789054689', 38),
(24, 'dipali', 'desai', 'erererer', 'etet', 'surat', 'gujarat', '0200', 'Australia', 'd@d.com', '', '6789054689', 39),
(25, 'dipali', 'desai', 'erererer', 'etet', 'surat', 'gujarat', '0200', 'Australia', 'd@d.com', '', '6789054689', 40),
(26, 'dipali', 'desai', 'erererer', 'etet', 'surat', 'gujarat', '0200', 'Australia', 'd@d.com', '', '6789054689', 41),
(27, 'dipali', 'desai', 'erererer', 'etet', 'surat', 'gujarat', '0200', 'Australia', 'd@d.com', '', '6789054689', 42),
(28, 'dipali', 'desai', 'erererer', 'etet', 'surat', 'gujarat', '0200', 'Australia', 'd@d.com', '', '6789054689', 43),
(29, 'dipali', 'desai', 'erererer', 'etet', 'surat', 'gujarat', '0200', 'Australia', 'd@d.com', '', '6789054689', 44),
(30, 'dipali', 'desai', 'erererer', 'etet', 'surat', 'gujarat', '0200', 'Australia', 'd@d.com', '', '6789054689', 45),
(31, 'dipali', 'desai', 'erererer', 'etet', 'surat', 'gujarat', '0200', 'Australia', 'd@d.com', '', '6789054689', 46),
(32, 'dipali', 'desai', 'erererer', 'etet', 'surat', 'gujarat', '0200', 'Australia', 'd@d.com', '', '6789054689', 47),
(33, 'dipali', 'desai', 'erererer', 'etet', 'surat', 'gujarat', '0200', 'Australia', 'd@d.com', '', '6789054689', 48),
(34, 'dipali', 'desai', 'erererer', 'etet', 'surat', 'gujarat', '0200', 'Australia', 'd@d.com', '', '6789054689', 49),
(35, 'dipali', 'desai', 'erererer', 'etet', 'surat', 'gujarat', '0200', 'Australia', 'd@d.com', '', '6789054689', 50),
(36, 'dipali', 'desai', 'erererer', 'etet', 'surat', 'gujarat', '0200', 'Australia', 'd@d.com', '', '6789054689', 51),
(37, 'dipali', 'desai', 'erererer', 'etet', 'surat', 'gujarat', '0200', 'Australia', 'd@d.com', '', '6789054689', 52),
(38, 'dipali', 'desai', 'erererer', 'etet', 'surat', 'gujarat', '0200', 'Australia', 'd@d.com', '', '6789054689', 53),
(39, 'dipali', 'desai', 'erererer', 'etet', 'surat', 'gujarat', '0200', 'Australia', 'd@d.com', '', '6789054689', 54),
(40, 'dipali', 'desai', 'erererer', 'etet', 'surat', 'gujarat', '0200', 'Australia', 'd@d.com', '', '6789054689', 55),
(41, 'dipali', 'desai', 'erererer', 'etet', 'surat', 'gujarat', '0200', 'Australia', 'd@d.com', '', '6789054689', 56),
(42, 'dipali', 'desai', 'erererer', 'etet', 'surat', 'gujarat', '0200', 'Australia', 'd@d.com', '', '6789054689', 57),
(43, 'dipali', 'desai', 'erererer', 'etet', 'surat', 'gujarat', '0200', 'Australia', 'd@d.com', '', '6789054689', 58),
(44, 'dipali', 'desai', 'erererer', 'etet', 'surat', 'gujarat', '0200', 'Australia', 'd@d.com', '', '6789054689', 59),
(45, 'dipali', 'desai', 'erererer', 'etet', 'surat', 'gujarat', '0200', 'Australia', 'd@d.com', '', '6789054689', 60),
(46, 'dipali', 'desai', 'erererer', 'etet', 'surat', 'gujarat', '0200', 'Australia', 'd@d.com', '', '6789054689', 61),
(47, 'dipali', 'desai', 'erererer', 'etet', 'surat', 'gujarat', '0200', 'Australia', 'd@d.com', '', '6789054689', 62),
(48, 'dipali', 'desai', 'erererer', 'etet', 'surat', 'gujarat', '0200', 'Australia', 'd@d.com', '', '6789054689', 63),
(49, 'dipali', 'desai', 'erererer', 'etet', 'surat', 'gujarat', '0200', 'Australia', 'd@d.com', '', '6789054689', 64),
(50, 'dipali', 'desai', 'erererer', 'etet', 'surat', 'gujarat', '0200', 'Australia', 'd@d.com', '', '6789054689', 65),
(51, 'dipali', 'desai', 'erererer', 'etet', 'surat', 'gujarat', '0200', 'Australia', 'd@d.com', '', '6789054689', 66),
(52, 'dipali', 'desai', 'erererer', 'etet', 'surat', 'gujarat', '0200', 'Australia', 'd@d.com', '', '6789054689', 67),
(53, 'dipali', 'desai', 'erererer', 'etet', 'surat', 'gujarat', '0200', 'Australia', 'd@d.com', '', '6789054689', 68),
(54, 'dipali', 'desai', 'erererer', 'etet', 'surat', 'gujarat', '0200', 'Australia', 'd@d.com', '', '6789054689', 69),
(55, 'dipali', 'desai', 'erererer', 'etet', 'surat', 'gujarat', '0200', 'Australia', 'd@d.com', '', '6789054689', 70),
(56, 'dipali', 'desai', 'erererer', 'etet', 'surat', 'gujarat', '0200', 'Australia', 'd@d.com', '', '6789054689', 71),
(57, 'dipali', 'desai', 'erererer', 'etet', 'surat', 'gujarat', '0200', 'Australia', 'd@d.com', '', '6789054689', 72),
(58, 'dipali', 'desai', 'erererer', 'etet', 'surat', 'gujarat', '0200', 'Australia', 'd@d.com', '', '6789054689', 73),
(59, 'dipali', 'desai', 'erererer', 'etet', 'surat', 'gujarat', '0200', 'Australia', 'd@d.com', '', '6789054689', 74),
(60, 'dipali', 'desai', 'erererer', 'etet', 'surat', 'gujarat', '0200', 'Australia', 'd@d.com', '', '6789054689', 75),
(61, 'dipali', 'desai', 'erererer', 'etet', 'surat', 'gujarat', '0200', 'Australia', 'd@d.com', '', '6789054689', 76),
(62, 'dipali', 'desai', 'erererer', 'etet', 'surat', 'gujarat', '0200', 'Australia', 'd@d.com', '', '6789054689', 77),
(63, 'dipali', 'desai', 'erererer', 'etet', 'surat', 'gujarat', '0200', 'Australia', 'd@d.com', '', '6789054689', 78),
(64, 'dipali', 'desai', 'erererer', 'etet', 'surat', 'gujarat', '0201', 'Australia', 'd@d.com', '', '6789054689', 79),
(65, 'dipali', 'desai', 'erererer', 'etet', 'surat', 'gujarat', '0201', 'Australia', 'd@d.com', '', '6789054689', 80),
(66, 'dipali', 'desai', 'erererer', 'etet', 'surat', 'gujarat', '0201', 'Australia', 'd@d.com', '', '6789054689', 81),
(67, 'dipali', 'desai', 'erererer', 'etet', 'surat', 'gujarat', '0201', 'Australia', 'd@d.com', '', '6789054689', 82),
(68, 'dipali', 'desai', 'erererer', 'etet', 'surat', 'gujarat', '0201', 'Australia', 'd@d.com', '', '6789054689', 83),
(69, 'dipali', 'desai', '', '', '', 'gujarat', '0201', 'Australia', 'd@d.com', '', '6789054689', 84),
(70, 'dipali', 'desai', 'erererer', 'etet', 'surat', 'gujarat', '0201', 'Australia', 'd@d.com', '', '6789054689', 87),
(71, 'dipali', 'desai', 'erererer', 'etet', 'surat', 'gujarat', '0201', 'Australia', 'd@d.com', '', '6789054689', 88),
(72, 'dipali', 'desai', 'erererer', 'etet', 'surat', 'gujarat', '0201', 'Australia', 'd@d.com', '', '6789054689', 89),
(73, 'dipali', 'desai', 'erererer', 'etet', 'surat', 'gujarat', '0201', 'Australia', 'd@d.com', '', '6789054689', 90),
(74, 'dipali', 'desai', 'erererer', 'etet', 'surat', 'gujarat', '0201', 'Australia', 'd@d.com', '', '6789054689', 91);

-- --------------------------------------------------------

--
-- Table structure for table `bill_master`
--

CREATE TABLE IF NOT EXISTS `bill_master` (
  `bill_master_ID` int(11) NOT NULL AUTO_INCREMENT,
  `bill_reference_name` varchar(255) NOT NULL,
  `bill_name_user` varchar(255) NOT NULL,
  `bill_email_id` varchar(255) NOT NULL,
  `bill_invoice_no` varchar(50) NOT NULL,
  `bill_total_amount` float(9,2) NOT NULL,
  `bill_total_discount` float(9,2) NOT NULL,
  `bill_total_shipping` float(9,2) NOT NULL,
  `bill_final_amount` float(9,2) NOT NULL,
  `bill_selected_currency` varchar(20) NOT NULL,
  `bill_payment_status` varchar(255) NOT NULL,
  `bill_payment_transaction_recieve_datetime` datetime NOT NULL,
  `bill_payment_recieve_IP` varchar(20) NOT NULL,
  `bill_datetime` datetime NOT NULL,
  `bill_order_completed` tinyint(4) NOT NULL COMMENT '0 = no 1 = yes 2 = cancel',
  `bill_order_status_note` longtext NOT NULL,
  `bill_order_status_updated_datetime` datetime NOT NULL,
  `bill_order_status_updated_ip` varchar(50) NOT NULL,
  `bill_ip` varchar(20) NOT NULL,
  `bill_payment_type` tinyint(4) NOT NULL,
  `bill_payment_bank_name` varchar(255) NOT NULL,
  `bill_payment_cheque_dd_number` varchar(255) NOT NULL,
  `bill_payment_cheque_dd_date` date NOT NULL,
  PRIMARY KEY (`bill_master_ID`)
) ENGINE=MyISAM  DEFAULT CHARSET=latin1 AUTO_INCREMENT=92 ;

--
-- Dumping data for table `bill_master`
--

INSERT INTO `bill_master` (`bill_master_ID`, `bill_reference_name`, `bill_name_user`, `bill_email_id`, `bill_invoice_no`, `bill_total_amount`, `bill_total_discount`, `bill_total_shipping`, `bill_final_amount`, `bill_selected_currency`, `bill_payment_status`, `bill_payment_transaction_recieve_datetime`, `bill_payment_recieve_IP`, `bill_datetime`, `bill_order_completed`, `bill_order_status_note`, `bill_order_status_updated_datetime`, `bill_order_status_updated_ip`, `bill_ip`, `bill_payment_type`, `bill_payment_bank_name`, `bill_payment_cheque_dd_number`, `bill_payment_cheque_dd_date`) VALUES
(1, '', 'dipali desai', 'd@d.com', '1316684424', 0.00, 0.00, 0.00, 0.00, '', '', '0000-00-00 00:00:00', '', '2012-11-06 15:29:25', 0, '', '0000-00-00 00:00:00', '', '::1', 0, '', '', '0000-00-00'),
(2, '', 'dipali desai', 'd@d.com', '1149607298', 0.00, 0.00, 0.00, 0.00, '', '', '0000-00-00 00:00:00', '', '2012-11-06 17:05:04', 0, '', '0000-00-00 00:00:00', '', '::1', 0, '', '', '0000-00-00'),
(3, '', 'dipali desai', 'd@d.com', '1271921119', 0.00, 0.00, 0.00, 0.00, '', '', '0000-00-00 00:00:00', '', '2012-11-06 17:39:57', 0, '', '0000-00-00 00:00:00', '', '::1', 0, '', '', '0000-00-00'),
(4, '', 'dipali desai', 'd@d.com', '1229460428', 0.00, 0.00, 0.00, 0.00, '', '', '0000-00-00 00:00:00', '', '2012-11-06 17:45:14', 0, '', '0000-00-00 00:00:00', '', '::1', 0, '', '', '0000-00-00'),
(5, '', 'dipali desai', 'd@d.com', '1368593338', 0.00, 0.00, 0.00, 0.00, '', '', '0000-00-00 00:00:00', '', '2012-11-06 17:45:23', 0, '', '0000-00-00 00:00:00', '', '::1', 0, '', '', '0000-00-00'),
(6, '', 'dipali desai', 'd@d.com', '1320451199', 0.00, 0.00, 0.00, 0.00, '', '', '0000-00-00 00:00:00', '', '2012-11-06 17:48:07', 0, '', '0000-00-00 00:00:00', '', '::1', 0, '', '', '0000-00-00'),
(7, '', 'dipali desai', 'd@d.com', '1164361543', 0.00, 0.00, 0.00, 0.00, '', '', '0000-00-00 00:00:00', '', '2012-11-06 17:52:25', 0, '', '0000-00-00 00:00:00', '', '::1', 0, '', '', '0000-00-00'),
(8, '', 'dipali desai', 'd@d.com', '1400204215', 0.00, 0.00, 0.00, 0.00, '', '', '0000-00-00 00:00:00', '', '2012-11-06 17:53:38', 0, '', '0000-00-00 00:00:00', '', '::1', 0, '', '', '0000-00-00'),
(9, '', 'dipali desai', 'd@d.com', '1362661606', 0.00, 0.00, 0.00, 0.00, '', '', '0000-00-00 00:00:00', '', '2012-11-06 17:56:17', 0, '', '0000-00-00 00:00:00', '', '::1', 0, '', '', '0000-00-00'),
(10, '', 'dipali desai', 'd@d.com', '1361159902', 0.00, 0.00, 0.00, 0.00, '', '', '0000-00-00 00:00:00', '', '2012-11-06 17:58:45', 0, '', '0000-00-00 00:00:00', '', '::1', 0, '', '', '0000-00-00'),
(11, '', 'dipali desai', 'd@d.com', '1267028066', 0.00, 0.00, 0.00, 0.00, '', '', '0000-00-00 00:00:00', '', '2012-11-06 17:59:23', 0, '', '0000-00-00 00:00:00', '', '::1', 0, '', '', '0000-00-00'),
(12, '', 'Nilesh Parghi', 'pardhinilesh@gmail.com', '1075598301', 0.00, 0.00, 0.00, 0.00, '', '', '0000-00-00 00:00:00', '', '2012-11-06 18:03:46', 0, '', '0000-00-00 00:00:00', '', '::1', 0, '', '', '0000-00-00'),
(13, '', 'Nilesh Parghi', 'pardhinilesh@gmail.com', '1054011300', 0.00, 0.00, 0.00, 0.00, '', '', '0000-00-00 00:00:00', '', '2012-11-06 18:06:04', 0, '', '0000-00-00 00:00:00', '', '::1', 0, '', '', '0000-00-00'),
(14, '', 'dipali desai', 'd@d.com', '1083619905', 0.00, 0.00, 0.00, 0.00, '', '', '0000-00-00 00:00:00', '', '2012-11-07 09:42:43', 0, '', '0000-00-00 00:00:00', '', '::1', 0, '', '', '0000-00-00'),
(15, '', 'dipali desai', 'd@d.com', '1308450078', 0.00, 0.00, 0.00, 0.00, '', '', '0000-00-00 00:00:00', '', '2012-11-07 09:51:11', 0, '', '0000-00-00 00:00:00', '', '::1', 0, '', '', '0000-00-00'),
(16, '', 'dipali desai', 'd@d.com', '1107421919', 0.00, 0.00, 0.00, 0.00, '', '', '0000-00-00 00:00:00', '', '2012-11-07 09:53:20', 0, '', '0000-00-00 00:00:00', '', '::1', 0, '', '', '0000-00-00'),
(17, '', 'dipali desai', 'd@d.com', '1267653776', 0.00, 0.00, 0.00, 0.00, '', '', '0000-00-00 00:00:00', '', '2012-11-07 09:54:51', 0, '', '0000-00-00 00:00:00', '', '::1', 0, '', '', '0000-00-00'),
(18, '', 'dipali desai', 'd@d.com', '1396399898', 0.00, 0.00, 0.00, 0.00, '', '', '0000-00-00 00:00:00', '', '2012-11-07 10:00:06', 0, '', '0000-00-00 00:00:00', '', '::1', 0, '', '', '0000-00-00'),
(19, '', 'dipali desai', 'd@d.com', '1351198596', 0.00, 0.00, 0.00, 0.00, '', '', '0000-00-00 00:00:00', '', '2012-11-07 10:03:28', 0, '', '0000-00-00 00:00:00', '', '::1', 0, '', '', '0000-00-00'),
(20, '', 'dipali desai', 'd@d.com', '1280893803', 0.00, 0.00, 0.00, 0.00, '', '', '0000-00-00 00:00:00', '', '2012-11-07 10:12:33', 0, '', '0000-00-00 00:00:00', '', '::1', 0, '', '', '0000-00-00'),
(21, '', 'dipali desai', 'd@d.com', '1328410232', 523.00, 0.00, 100.00, 623.00, '', '', '0000-00-00 00:00:00', '', '2012-11-07 10:32:47', 0, '', '0000-00-00 00:00:00', '', '::1', 0, '', '', '0000-00-00'),
(22, '', 'dipali desai', 'd@d.com', '1141848492', 523.00, 0.00, 100.00, 623.00, '', '', '0000-00-00 00:00:00', '', '2012-11-07 11:31:28', 0, '', '0000-00-00 00:00:00', '', '::1', 0, '', '', '0000-00-00'),
(23, '', 'dipali desai', 'd@d.com', '1062320731', 523.00, 0.00, 100.00, 623.00, '', '', '0000-00-00 00:00:00', '', '2012-11-07 11:48:46', 0, '', '0000-00-00 00:00:00', '', '::1', 0, '', '', '0000-00-00'),
(24, '', 'dipali desai', 'd@d.com', '1363650228', 576.00, 0.00, 200.00, 776.00, '', '', '0000-00-00 00:00:00', '', '2012-11-07 14:07:39', 0, '', '0000-00-00 00:00:00', '', '::1', 0, '', '', '0000-00-00'),
(25, '', 'dipali desai', 'd@d.com', '1037042041', 608.00, 0.00, 300.00, 908.00, '', '', '0000-00-00 00:00:00', '', '2012-11-07 16:00:17', 0, '', '0000-00-00 00:00:00', '', '::1', 0, '', '', '0000-00-00'),
(26, '', 'dipali desai', 'd@d.com', '1367667287', 608.00, 0.00, 300.00, 908.00, '', '', '0000-00-00 00:00:00', '', '2012-11-07 16:37:25', 0, '', '0000-00-00 00:00:00', '', '::1', 0, '', '', '0000-00-00'),
(27, '', 'dipali desai', 'd@d.com', '1023201332', 608.00, 0.00, 300.00, 908.00, '', '', '0000-00-00 00:00:00', '', '2012-11-07 16:37:44', 0, '', '0000-00-00 00:00:00', '', '::1', 0, '', '', '0000-00-00'),
(28, '', 'dipali desai', 'd@d.com', '1224855201', 608.00, 0.00, 300.00, 908.00, '', '', '0000-00-00 00:00:00', '', '2012-11-07 17:06:54', 0, '', '0000-00-00 00:00:00', '', '::1', 0, '', '', '0000-00-00'),
(29, '', 'dipali desai', 'd@d.com', '1083995331', 608.00, 0.00, 300.00, 908.00, '', '', '0000-00-00 00:00:00', '', '2012-11-07 17:15:35', 0, '', '0000-00-00 00:00:00', '', '::1', 0, '', '', '0000-00-00'),
(30, '', 'dipali desai', 'd@d.com', '1019497128', 608.00, 0.00, 300.00, 908.00, '', '', '0000-00-00 00:00:00', '', '2012-11-07 17:26:01', 0, '', '0000-00-00 00:00:00', '', '::1', 0, '', '', '0000-00-00'),
(31, '', 'dipali desai', 'd@d.com', '1179253445', 608.00, 0.00, 300.00, 908.00, '', '', '0000-00-00 00:00:00', '', '2012-11-07 17:28:03', 0, '', '0000-00-00 00:00:00', '', '::1', 0, '', '', '0000-00-00'),
(32, '', 'dipali desai', 'd@d.com', '1225856338', 608.00, 0.00, 300.00, 908.00, '', '', '0000-00-00 00:00:00', '', '2012-11-07 17:32:01', 0, '', '0000-00-00 00:00:00', '', '::1', 0, '', '', '0000-00-00'),
(33, '', 'dipali desai', 'd@d.com', '1066262705', 608.00, 0.00, 300.00, 908.00, '', '', '0000-00-00 00:00:00', '', '2012-11-07 17:33:33', 0, '', '0000-00-00 00:00:00', '', '::1', 0, '', '', '0000-00-00'),
(34, '', 'dipali desai', 'd@d.com', '1203893911', 608.00, 0.00, 300.00, 908.00, '', '', '0000-00-00 00:00:00', '', '2012-11-07 17:34:34', 0, '', '0000-00-00 00:00:00', '', '::1', 0, '', '', '0000-00-00'),
(35, '', 'dipali desai', 'd@d.com', '1338384052', 608.00, 0.00, 300.00, 908.00, '', '', '0000-00-00 00:00:00', '', '2012-11-07 17:38:25', 0, '', '0000-00-00 00:00:00', '', '::1', 0, '', '', '0000-00-00'),
(36, '', 'dipali desai', 'd@d.com', '1081142093', 608.00, 0.00, 300.00, 908.00, '', '', '0000-00-00 00:00:00', '', '2012-11-07 17:56:49', 0, '', '0000-00-00 00:00:00', '', '::1', 0, '', '', '0000-00-00'),
(37, '', 'dipali desai', 'd@d.com', '1276789144', 53.00, 0.00, 0.00, 53.00, '', '', '0000-00-00 00:00:00', '', '2012-11-08 14:29:02', 0, '', '0000-00-00 00:00:00', '', '::1', 0, '', '', '0000-00-00'),
(38, '', 'dipali desai', 'd@d.com', '1127644871', 53.00, 0.00, 0.00, 53.00, '', '', '0000-00-00 00:00:00', '', '2012-11-08 14:39:56', 0, '', '0000-00-00 00:00:00', '', '::1', 0, '', '', '0000-00-00'),
(39, '', 'dipali desai', 'd@d.com', '1126818934', 53.00, 0.00, 0.00, 53.00, '', '', '0000-00-00 00:00:00', '', '2012-11-08 14:41:03', 0, '', '0000-00-00 00:00:00', '', '::1', 0, '', '', '0000-00-00'),
(40, '', 'dipali desai', 'd@d.com', '1144939500', 79.00, 0.00, 0.00, 79.00, '', '', '0000-00-00 00:00:00', '', '2012-11-08 14:56:11', 0, '', '0000-00-00 00:00:00', '', '::1', 0, '', '', '0000-00-00'),
(41, '', 'dipali desai', 'd@d.com', '1098011238', 79.00, 0.00, 0.00, 79.00, '', '', '0000-00-00 00:00:00', '', '2012-11-08 15:45:45', 0, '', '0000-00-00 00:00:00', '', '::1', 0, '', '', '0000-00-00'),
(42, '', 'dipali desai', 'd@d.com', '1194871171', 79.00, 0.00, 23.30, 102.30, '', '', '0000-00-00 00:00:00', '', '2012-11-08 16:10:25', 0, '', '0000-00-00 00:00:00', '', '::1', 0, '', '', '0000-00-00'),
(43, '', 'dipali desai', 'd@d.com', '1321577477', 602.00, 0.00, 34.95, 636.95, '', '', '0000-00-00 00:00:00', '', '2012-11-08 16:13:05', 0, '', '0000-00-00 00:00:00', '', '::1', 0, '', '', '0000-00-00'),
(44, '', 'dipali desai', 'd@d.com', '1217722105', 523.00, 0.00, 11.65, 534.65, '', '', '0000-00-00 00:00:00', '', '2012-11-08 17:10:49', 0, '', '0000-00-00 00:00:00', '', '::1', 0, '', '', '0000-00-00'),
(45, '', 'dipali desai', 'd@d.com', '1132600496', 523.00, 0.00, 11.65, 534.65, '', '', '0000-00-00 00:00:00', '', '2012-11-08 17:41:55', 0, '', '0000-00-00 00:00:00', '', '::1', 0, '', '', '0000-00-00'),
(46, '', 'dipali desai', 'd@d.com', '1308812990', 523.00, 0.00, 11.65, 534.65, '', '', '0000-00-00 00:00:00', '', '2012-11-09 10:17:48', 0, '', '0000-00-00 00:00:00', '', '::1', 0, '', '', '0000-00-00'),
(47, '', 'dipali desai', 'd@d.com', '1215444521', 523.00, 0.00, 11.65, 534.65, '', '', '0000-00-00 00:00:00', '', '2012-11-09 10:23:38', 0, '', '0000-00-00 00:00:00', '', '::1', 0, '', '', '0000-00-00'),
(48, '', 'dipali desai', 'd@d.com', '1398927767', 523.00, 0.00, 11.65, 534.65, '', '', '0000-00-00 00:00:00', '', '2012-11-09 10:32:22', 0, '', '0000-00-00 00:00:00', '', '::1', 0, '', '', '0000-00-00'),
(49, '', 'dipali desai', 'd@d.com', '1310327209', 26.00, 0.00, 11.65, 37.65, '', '', '0000-00-00 00:00:00', '', '2012-11-09 10:39:59', 0, '', '0000-00-00 00:00:00', '', '::1', 0, '', '', '0000-00-00'),
(50, '', 'dipali desai', 'd@d.com', '1151071460', 523.00, 0.00, 11.65, 546.30, '', '', '0000-00-00 00:00:00', '', '2012-11-09 12:11:33', 0, '', '0000-00-00 00:00:00', '', '::1', 0, '', '', '0000-00-00'),
(51, '', 'dipali desai', 'd@d.com', '1117958878', 549.00, 0.00, 23.30, 572.30, '', '', '0000-00-00 00:00:00', '', '2012-11-09 12:18:08', 0, '', '0000-00-00 00:00:00', '', '::1', 0, '', '', '0000-00-00'),
(52, '', 'dipali desai', 'd@d.com', '1189740347', 549.00, 0.00, 23.30, 572.30, '', '', '0000-00-00 00:00:00', '', '2012-11-09 13:17:19', 0, '', '0000-00-00 00:00:00', '', '::1', 0, '', '', '0000-00-00'),
(53, '', 'dipali desai', 'd@d.com', '1300653730', 549.00, 0.00, 23.30, 572.30, '', '', '0000-00-00 00:00:00', '', '2012-11-09 13:21:13', 0, '', '0000-00-00 00:00:00', '', '::1', 0, '', '', '0000-00-00'),
(54, '', 'dipali desai', 'd@d.com', '1318286242', 549.00, 0.00, 23.30, 572.30, '', '', '0000-00-00 00:00:00', '', '2012-11-09 13:22:31', 0, '', '0000-00-00 00:00:00', '', '::1', 0, '', '', '0000-00-00'),
(55, '', 'dipali desai', 'd@d.com', '1046928261', 549.00, 0.00, 23.30, 572.30, '', '', '0000-00-00 00:00:00', '', '2012-11-09 13:22:47', 0, '', '0000-00-00 00:00:00', '', '::1', 0, '', '', '0000-00-00'),
(56, '', 'dipali desai', 'd@d.com', '1254739118', 549.00, 0.00, 23.30, 572.30, '', '', '0000-00-00 00:00:00', '', '2012-11-09 13:50:16', 0, '', '0000-00-00 00:00:00', '', '::1', 0, '', '', '0000-00-00'),
(57, '', 'dipali desai', 'd@d.com', '1199113485', 549.00, 0.00, 23.30, 572.30, '', '', '0000-00-00 00:00:00', '', '2012-11-09 13:52:02', 0, '', '0000-00-00 00:00:00', '', '::1', 0, '', '', '0000-00-00'),
(58, '', 'dipali desai', 'd@d.com', '1231074760', 549.00, 0.00, 23.30, 572.30, '', '', '0000-00-00 00:00:00', '', '2012-11-09 13:53:14', 0, '', '0000-00-00 00:00:00', '', '::1', 0, '', '', '0000-00-00'),
(59, '', 'dipali desai', 'd@d.com', '1025679144', 549.00, 52.30, 23.30, 520.00, '', '', '0000-00-00 00:00:00', '', '2012-11-09 13:55:29', 0, '', '0000-00-00 00:00:00', '', '::1', 0, '', '', '0000-00-00'),
(60, '', 'dipali desai', 'd@d.com', '1343564932', 549.00, 0.00, 23.30, 572.30, '', '', '0000-00-00 00:00:00', '', '2012-11-09 14:06:00', 0, '', '0000-00-00 00:00:00', '', '::1', 0, '', '', '0000-00-00'),
(61, '', 'dipali desai', 'd@d.com', '1015792924', 549.00, 0.00, 23.30, 572.30, '', '', '0000-00-00 00:00:00', '', '2012-11-09 14:47:31', 0, '', '0000-00-00 00:00:00', '', '::1', 0, '', '', '0000-00-00'),
(62, '', 'dipali desai', 'd@d.com', '1023952184', 523.00, 0.00, 11.65, 534.65, '', '', '0000-00-00 00:00:00', '', '2012-11-09 15:09:51', 0, '', '0000-00-00 00:00:00', '', '::1', 0, '', '', '0000-00-00'),
(63, '', 'dipali desai', 'd@d.com', '1172095321', 523.00, 0.00, 11.65, 534.65, '', '', '0000-00-00 00:00:00', '', '2012-11-09 15:13:03', 0, '', '0000-00-00 00:00:00', '', '::1', 0, '', '', '0000-00-00'),
(64, '', 'dipali desai', 'd@d.com', '1265626475', 523.00, 0.00, 11.65, 534.65, '', 'Pending', '2012-11-09 15:24:50', '::1', '2012-11-09 15:24:35', 1, '', '2012-11-09 16:31:19', '::1', '::1', 2, 'axis', '8596215', '2012-11-09'),
(65, '', 'dipali desai', 'd@d.com', '1009110339', 26.00, 0.00, 11.65, 37.65, '', '', '0000-00-00 00:00:00', '', '2012-11-10 11:27:56', 0, '', '0000-00-00 00:00:00', '', '::1', 0, '', '', '0000-00-00'),
(66, '', 'dipali desai', 'd@d.com', '1148843931', 26.00, 0.00, 11.65, 37.65, '', '', '0000-00-00 00:00:00', '', '2012-11-10 11:43:55', 0, '', '0000-00-00 00:00:00', '', '::1', 0, '', '', '0000-00-00'),
(67, '', 'dipali desai', 'd@d.com', '1365665015', 26.00, 0.00, 11.65, 37.65, '', 'Completed', '2012-11-10 12:45:05', '::1', '2012-11-10 12:45:00', 1, '', '2012-11-10 12:45:51', '::1', '::1', 3, '', '', '0000-00-00'),
(68, '', 'dipali desai', 'd@d.com', '1351323738', 26.00, 0.00, 11.65, 37.65, '', '', '0000-00-00 00:00:00', '', '2012-11-10 13:12:42', 0, '', '0000-00-00 00:00:00', '', '::1', 0, '', '', '0000-00-00'),
(69, '', 'dipali desai', 'd@d.com', '1316484197', 26.00, 0.00, 11.65, 37.65, '', '', '0000-00-00 00:00:00', '', '2012-11-10 13:26:28', 0, '', '0000-00-00 00:00:00', '', '::1', 0, '', '', '0000-00-00'),
(70, '', 'dipali desai', 'd@d.com', '1373849304', 523.00, 52.30, 11.65, 470.70, '', 'Pending', '2012-11-16 12:35:09', '::1', '2012-11-16 12:34:19', 0, '', '0000-00-00 00:00:00', '', '::1', 3, '', '', '0000-00-00'),
(71, '', 'dipali desai', 'd@d.com', '1012213862', 523.00, 52.30, 11.65, 482.35, '', 'Pending', '2012-11-16 13:02:11', '::1', '2012-11-16 13:01:58', 0, '', '0000-00-00 00:00:00', '', '::1', 3, '', '', '0000-00-00'),
(72, '', 'dipali desai', 'd@d.com', '1254138437', 26.00, 0.00, 11.65, 37.65, '', '', '0000-00-00 00:00:00', '', '2012-11-16 17:36:47', 0, '', '0000-00-00 00:00:00', '', '::1', 0, '', '', '0000-00-00'),
(73, '', 'dipali desai', 'd@d.com', '1334992703', 523.00, 52.30, 11.65, 482.35, '', '', '0000-00-00 00:00:00', '', '2012-11-17 16:00:21', 0, '', '0000-00-00 00:00:00', '', '192.168.1.16', 0, '', '', '0000-00-00'),
(74, '', 'dipali desai', 'd@d.com', '1300466017', 53.00, 0.00, 11.65, 64.65, '', '', '0000-00-00 00:00:00', '', '2012-11-17 16:02:11', 0, '', '0000-00-00 00:00:00', '', '::1', 0, '', '', '0000-00-00'),
(75, '', 'dipali desai', 'd@d.com', '1209312561', 26.00, 0.00, 11.65, 37.65, '', '', '0000-00-00 00:00:00', '', '2012-11-19 09:35:08', 0, '', '0000-00-00 00:00:00', '', '::1', 0, '', '', '0000-00-00'),
(76, '', 'dipali desai', 'd@d.com', '1402594428', 26.00, 0.00, 11.65, 37.65, '', '', '0000-00-00 00:00:00', '', '2012-11-19 09:39:19', 0, '', '0000-00-00 00:00:00', '', '::1', 0, '', '', '0000-00-00'),
(77, '', 'dipali desai', 'd@d.com', '1126080596', 26.00, 0.00, 11.65, 37.65, '', '', '0000-00-00 00:00:00', '', '2012-11-19 09:42:42', 0, '', '0000-00-00 00:00:00', '', '::1', 0, '', '', '0000-00-00'),
(78, '', 'dipali desai', 'd@d.com', '1118008935', 26.00, 0.00, 11.65, 37.65, '', '', '0000-00-00 00:00:00', '', '2012-11-19 09:44:29', 0, '', '0000-00-00 00:00:00', '', '::1', 0, '', '', '0000-00-00'),
(79, '', 'dipali desai', 'd@d.com', '1008885084', 53.00, 0.00, 11.65, 64.65, '', '', '0000-00-00 00:00:00', '', '2012-12-01 11:42:02', 0, '', '0000-00-00 00:00:00', '', '::1', 0, '', '', '0000-00-00'),
(80, '', 'dipali desai', 'd@d.com', '1355628624', 1046.00, 0.00, 23.30, 1069.30, '', 'Pending', '2012-12-08 10:12:31', '::1', '2012-12-08 10:05:48', 0, '', '0000-00-00 00:00:00', '', '::1', 3, '', '', '0000-00-00'),
(81, '', 'dipali desai', 'd@d.com', '1136580012', 523.00, 0.00, 11.65, 534.65, '', 'Pending', '2012-12-08 10:26:53', '::1', '2012-12-08 10:26:43', 0, '', '0000-00-00 00:00:00', '', '::1', 3, '', '', '0000-00-00'),
(82, '', 'dipali desai', 'd@d.com', '1388553492', 661.00, 0.00, 34.95, 695.95, '', 'Pending', '2012-12-08 11:07:20', '::1', '2012-12-08 11:06:35', 0, '', '0000-00-00 00:00:00', '', '::1', 3, '', '', '0000-00-00'),
(83, '', 'dipali desai', 'd@d.com', '1052684795', 26.00, 0.00, 11.65, 37.65, '', '', '0000-00-00 00:00:00', '', '2013-01-03 16:14:36', 0, '', '0000-00-00 00:00:00', '', '::1', 0, '', '', '0000-00-00'),
(84, '', 'dipali desai', 'd@d.com', '1207873428', 85.00, 0.00, 11.65, 96.65, '', '', '0000-00-00 00:00:00', '', '2013-01-12 15:30:58', 0, '', '0000-00-00 00:00:00', '', '::1', 0, '', '', '0000-00-00'),
(85, '', 'dipali desai', 'd@d.com', '1312304453', 85.00, 0.00, 11.65, 96.65, '', '', '0000-00-00 00:00:00', '', '2013-01-12 15:37:30', 0, '', '0000-00-00 00:00:00', '', '::1', 0, '', '', '0000-00-00'),
(86, '', 'dipali desai', 'd@d.com', '1343064364', 85.00, 0.00, 11.65, 96.65, '', '', '0000-00-00 00:00:00', '', '2013-01-12 15:37:49', 0, '', '0000-00-00 00:00:00', '', '::1', 0, '', '', '0000-00-00'),
(87, '', 'dipali desai', 'd@d.com', '1363437487', 85.00, 0.00, 11.65, 96.65, '', '', '0000-00-00 00:00:00', '', '2013-01-12 15:50:51', 0, '', '0000-00-00 00:00:00', '', '::1', 0, '', '', '0000-00-00'),
(88, '', 'dipali desai', 'd@d.com', '1196773329', 85.00, 0.00, 11.65, 96.65, '', '', '0000-00-00 00:00:00', '', '2013-01-12 15:57:26', 0, '', '0000-00-00 00:00:00', '', '::1', 0, '', '', '0000-00-00'),
(89, '', 'dipali desai', 'd@d.com', '1135228478', 85.00, 0.00, 11.65, 96.65, '', '', '0000-00-00 00:00:00', '', '2013-01-12 16:11:33', 0, '', '0000-00-00 00:00:00', '', '::1', 0, '', '', '0000-00-00'),
(90, '', 'dipali desai', 'd@d.com', '1340961978', 110.00, 0.00, 23.30, 133.30, '', '', '0000-00-00 00:00:00', '', '2013-01-12 16:11:55', 0, '', '0000-00-00 00:00:00', '', '::1', 0, '', '', '0000-00-00'),
(91, '', 'dipali desai', 'd@d.com', '1396512526', 110.00, 0.00, 23.30, 133.30, '', '', '0000-00-00 00:00:00', '', '2013-01-12 16:18:00', 0, '', '0000-00-00 00:00:00', '', '::1', 0, '', '', '0000-00-00');

-- --------------------------------------------------------

--
-- Table structure for table `bill_products`
--

CREATE TABLE IF NOT EXISTS `bill_products` (
  `bill_product_ID` int(11) NOT NULL AUTO_INCREMENT,
  `bill_product_master_ID` int(11) NOT NULL,
  `bill_product_MRP` float(9,2) NOT NULL,
  `bill_product_discount` float(9,2) NOT NULL,
  `bill_product_offer_title` varchar(255) NOT NULL,
  `bill_product_offer_amount` varchar(50) NOT NULL,
  `bill_product_shipping_amount` varchar(100) NOT NULL,
  `bill_product_lastprice` float(9,2) NOT NULL,
  `bill_product_qty` int(11) NOT NULL,
  `bill_product_selected_color` varchar(255) NOT NULL,
  `bill_product_selected_size` varchar(255) NOT NULL,
  `Bill_Master_ID` int(11) NOT NULL,
  PRIMARY KEY (`bill_product_ID`)
) ENGINE=MyISAM  DEFAULT CHARSET=latin1 AUTO_INCREMENT=106 ;

--
-- Dumping data for table `bill_products`
--

INSERT INTO `bill_products` (`bill_product_ID`, `bill_product_master_ID`, `bill_product_MRP`, `bill_product_discount`, `bill_product_offer_title`, `bill_product_offer_amount`, `bill_product_shipping_amount`, `bill_product_lastprice`, `bill_product_qty`, `bill_product_selected_color`, `bill_product_selected_size`, `Bill_Master_ID`) VALUES
(1, 1, 523.00, 0.00, '', '', '', 523.00, 1, 'Purple', '', 21),
(2, 1, 523.00, 0.00, '', '', '', 523.00, 1, 'Purple', '', 22),
(3, 1, 523.00, 0.00, '', '', '', 523.00, 1, 'Purple', '', 23),
(4, 1, 523.00, 0.00, '', '', '', 523.00, 1, 'Purple', '', 24),
(5, 3, 53.00, 0.00, '', '', '', 53.00, 1, 'Orange', '', 24),
(6, 1, 523.00, 0.00, '', '', '', 523.00, 1, 'Purple', '', 25),
(7, 4, 85.00, 0.00, '', '', '', 85.00, 2, 'Brown', '', 25),
(8, 1, 523.00, 0.00, '', '', '', 523.00, 1, 'Purple', '', 26),
(9, 4, 85.00, 0.00, '', '', '', 85.00, 2, 'Brown', '', 26),
(10, 1, 523.00, 0.00, '', '', '', 523.00, 1, 'Purple', '', 27),
(11, 4, 85.00, 0.00, '', '', '', 85.00, 2, 'Brown', '', 27),
(12, 1, 523.00, 0.00, '', '', '', 523.00, 1, 'Purple', '', 28),
(13, 4, 85.00, 0.00, '', '', '', 85.00, 2, 'Brown', '', 28),
(14, 1, 523.00, 0.00, '', '', '', 523.00, 1, 'Purple', '', 29),
(15, 4, 85.00, 0.00, '', '', '', 85.00, 2, 'Brown', '', 29),
(16, 1, 523.00, 0.00, '', '', '', 523.00, 1, 'Purple', '', 30),
(17, 4, 85.00, 0.00, '', '', '', 85.00, 2, 'Brown', '', 30),
(18, 1, 523.00, 0.00, '', '', '', 523.00, 1, 'Purple', '', 31),
(19, 4, 85.00, 0.00, '', '', '', 85.00, 2, 'Brown', '', 31),
(20, 1, 523.00, 0.00, '', '', '', 523.00, 1, 'Purple', '', 32),
(21, 4, 85.00, 0.00, '', '', '', 85.00, 2, 'Brown', '', 32),
(22, 1, 523.00, 0.00, '', '', '', 523.00, 1, 'Purple', '', 33),
(23, 4, 85.00, 0.00, '', '', '', 85.00, 2, 'Brown', '', 33),
(24, 1, 523.00, 0.00, '', '', '', 523.00, 1, 'Purple', '', 34),
(25, 4, 85.00, 0.00, '', '', '', 85.00, 2, 'Brown', '', 34),
(26, 1, 523.00, 0.00, '', '', '', 523.00, 1, 'Purple', '', 35),
(27, 4, 85.00, 0.00, '', '', '', 85.00, 2, 'Brown', '', 35),
(28, 1, 523.00, 0.00, '', '', '', 523.00, 1, 'Purple', '', 36),
(29, 4, 85.00, 0.00, '', '', '', 85.00, 2, 'Brown', '', 36),
(30, 3, 53.00, 0.00, '', '', '', 53.00, 1, 'Orange', '', 37),
(31, 3, 53.00, 0.00, '', '', '', 53.00, 1, 'Orange', '', 38),
(32, 3, 53.00, 0.00, '', '', '', 53.00, 1, 'Orange', '', 39),
(33, 3, 53.00, 0.00, '', '', '', 53.00, 1, 'Orange', '', 40),
(34, 5, 26.00, 0.00, '', '', '', 26.00, 1, 'Sky Blue', '', 40),
(35, 3, 53.00, 0.00, '', '', '', 53.00, 1, 'Orange', '', 41),
(36, 5, 26.00, 0.00, '', '', '', 26.00, 1, 'Sky Blue', '', 41),
(37, 3, 53.00, 0.00, '', '', '', 53.00, 1, 'Orange', '', 42),
(38, 5, 26.00, 0.00, '', '', '', 26.00, 1, 'Sky Blue', '', 42),
(39, 3, 53.00, 0.00, '', '', '', 53.00, 1, 'Orange', '', 43),
(40, 5, 26.00, 0.00, '', '', '', 26.00, 1, 'Sky Blue', '', 43),
(41, 1, 523.00, 0.00, '', '', '', 523.00, 1, 'Purple', '', 43),
(42, 1, 523.00, 0.00, '', '', '', 523.00, 1, 'Purple', '', 44),
(43, 1, 523.00, 0.00, '', '', '', 523.00, 1, 'Purple', '', 45),
(44, 1, 523.00, 0.00, '', '', '', 523.00, 1, 'Purple', '', 46),
(45, 1, 523.00, 0.00, '', '', '', 523.00, 1, 'Purple', '', 47),
(46, 1, 523.00, 0.00, '', '', '', 523.00, 1, 'Purple', '', 48),
(47, 5, 26.00, 0.00, '', '', '', 26.00, 1, 'Sky Blue', '', 49),
(48, 1, 523.00, 0.00, '', '', '', 534.65, 1, 'Purple', '', 50),
(49, 1, 523.00, 0.00, '', '', '', 534.65, 1, 'Purple', '', 51),
(50, 5, 26.00, 0.00, '', '', '', 37.65, 1, 'Sky Blue', '', 51),
(51, 1, 523.00, 0.00, '', '', '', 534.65, 1, 'Purple', '', 52),
(52, 5, 26.00, 0.00, '', '', '', 37.65, 1, 'Sky Blue', '', 52),
(53, 1, 523.00, 0.00, '', '', '', 534.65, 1, 'Purple', '', 53),
(54, 5, 26.00, 0.00, '', '', '', 37.65, 1, 'Sky Blue', '', 53),
(55, 1, 523.00, 0.00, '', '', '', 534.65, 1, 'Purple', '', 54),
(56, 5, 26.00, 0.00, '', '', '', 37.65, 1, 'Sky Blue', '', 54),
(57, 1, 523.00, 0.00, '', '', '', 534.65, 1, 'Purple', '', 55),
(58, 5, 26.00, 0.00, '', '', '', 37.65, 1, 'Sky Blue', '', 55),
(59, 1, 523.00, 0.00, '', '', '', 534.65, 1, 'Purple', '', 56),
(60, 5, 26.00, 0.00, '', '', '', 37.65, 1, 'Sky Blue', '', 56),
(61, 1, 523.00, 0.00, '', '', '', 534.65, 1, 'Purple', '', 57),
(62, 5, 26.00, 0.00, '', '', '', 37.65, 1, 'Sky Blue', '', 57),
(63, 1, 523.00, 0.00, '', '', '', 534.65, 1, 'Purple', '', 58),
(64, 5, 26.00, 0.00, '', '', '', 37.65, 1, 'Sky Blue', '', 58),
(65, 1, 523.00, 52.30, 'Special Discount', '10.00', '', 482.35, 1, 'Purple', '', 59),
(66, 5, 26.00, 0.00, '', '', '', 37.65, 1, 'Sky Blue', '', 59),
(67, 1, 523.00, 0.00, '', '', '', 534.65, 1, 'Purple', '', 60),
(68, 5, 26.00, 0.00, '', '', '', 37.65, 1, 'Sky Blue', '', 60),
(69, 1, 523.00, 0.00, '', '', '', 534.65, 1, 'Purple', '', 61),
(70, 5, 26.00, 0.00, '', '', '', 37.65, 1, 'Sky Blue', '', 61),
(71, 1, 523.00, 0.00, '', '', '', 534.65, 1, 'Purple', '', 62),
(72, 1, 523.00, 0.00, '', '', '', 534.65, 1, 'Purple', '', 63),
(73, 1, 523.00, 0.00, '', '', '', 534.65, 1, 'Purple', '', 64),
(74, 5, 26.00, 0.00, '', '', '', 37.65, 1, 'Sky Blue', '', 65),
(75, 5, 26.00, 0.00, '', '', '', 37.65, 1, 'Sky Blue', '', 66),
(76, 5, 26.00, 0.00, '', '', '', 37.65, 1, 'Sky Blue', '', 67),
(77, 5, 26.00, 0.00, '', '', '', 37.65, 1, 'Sky Blue', '', 68),
(78, 5, 26.00, 0.00, '', '', '', 37.65, 1, 'Sky Blue', '', 69),
(79, 1, 523.00, 52.30, 'Special Discount', '10.00', '', 470.70, 1, 'Purple', '', 70),
(80, 1, 523.00, 52.30, 'Special Discount', '10.00', '', 470.70, 1, 'Purple', '', 71),
(81, 5, 26.00, 0.00, '', '', '', 26.00, 1, 'Sky Blue', '', 72),
(82, 1, 523.00, 52.30, 'Special Discount', '10.00', '', 470.70, 1, 'Purple', '', 73),
(83, 3, 53.00, 0.00, '', '', '', 53.00, 1, 'Orange', '', 74),
(84, 5, 26.00, 0.00, '', '', '', 26.00, 1, 'Sky Blue', '', 75),
(85, 5, 26.00, 0.00, '', '', '', 26.00, 1, 'Sky Blue', '', 76),
(86, 5, 26.00, 0.00, '', '', '', 26.00, 1, 'Sky Blue', '', 77),
(87, 5, 26.00, 0.00, '', '', '', 26.00, 1, 'Sky Blue', '', 78),
(88, 3, 53.00, 0.00, '', '', '', 53.00, 1, 'Orange', '', 79),
(89, 10, 523.00, 0.00, '', '', '', 523.00, 1, 'Red', '', 80),
(90, 10, 523.00, 0.00, '', '', '', 523.00, 1, 'Red', '', 80),
(91, 10, 523.00, 0.00, '', '', '', 523.00, 1, 'Red', '"XL" or 20', 81),
(92, 10, 523.00, 0.00, '', '', '', 523.00, 1, 'Red', '"L" or 18', 82),
(93, 4, 85.00, 0.00, '', '', '', 85.00, 1, 'Brown', '', 82),
(94, 3, 53.00, 0.00, '', '', '', 53.00, 1, 'Orange', '', 82),
(95, 5, 26.00, 0.00, '', '', '', 26.00, 1, 'Sky Blue', '', 83),
(96, 4, 85.00, 0.00, '', '', '', 85.00, 1, 'Brown', '', 84),
(97, 4, 85.00, 0.00, '', '', '', 85.00, 1, 'Brown', '', 85),
(98, 4, 85.00, 0.00, '', '', '', 85.00, 1, 'Brown', '', 86),
(99, 4, 85.00, 0.00, '', '', '', 85.00, 1, 'Brown', '', 87),
(100, 4, 85.00, 0.00, '', '', '', 85.00, 1, 'Brown', '', 88),
(101, 4, 85.00, 0.00, '', '', '', 85.00, 1, 'Brown', '', 89),
(102, 4, 85.00, 0.00, '', '', '', 85.00, 1, 'Brown', '', 90),
(103, 20, 25.00, 0.00, '', '', '', 25.00, 1, 'Sky Blue', '', 90),
(104, 4, 85.00, 0.00, '', '', '11.65', 96.65, 1, 'Brown', '', 91),
(105, 20, 25.00, 0.00, '', '', '11.65', 36.65, 1, 'Sky Blue', '', 91);

-- --------------------------------------------------------

--
-- Table structure for table `bill_shipping_address`
--

CREATE TABLE IF NOT EXISTS `bill_shipping_address` (
  `shipping_address_ID` int(11) NOT NULL AUTO_INCREMENT,
  `shipping_user_first_name` varchar(255) NOT NULL,
  `shipping_user_last_name` varchar(255) NOT NULL,
  `shipping_user_unit` longtext NOT NULL,
  `shipping_user_street` longtext NOT NULL,
  `shipping_user_subburb` varchar(255) NOT NULL,
  `shipping_user_state` varchar(255) NOT NULL,
  `shipping_user_pincode` varchar(100) NOT NULL,
  `shipping_user_country` varchar(255) NOT NULL,
  `shipping_user_email` varchar(255) NOT NULL,
  `shipping_user_phone` varchar(20) NOT NULL,
  `shipping_user_mobile` varchar(20) NOT NULL,
  `shipping_bill_master_ID` int(11) NOT NULL,
  PRIMARY KEY (`shipping_address_ID`)
) ENGINE=MyISAM  DEFAULT CHARSET=latin1 AUTO_INCREMENT=74 ;

--
-- Dumping data for table `bill_shipping_address`
--

INSERT INTO `bill_shipping_address` (`shipping_address_ID`, `shipping_user_first_name`, `shipping_user_last_name`, `shipping_user_unit`, `shipping_user_street`, `shipping_user_subburb`, `shipping_user_state`, `shipping_user_pincode`, `shipping_user_country`, `shipping_user_email`, `shipping_user_phone`, `shipping_user_mobile`, `shipping_bill_master_ID`) VALUES
(1, 'dipali', 'desai', 'erererer', 'etet', 'surat', 'gujarat', '395004', 'India', 'd@d.com', '', '6789054689', 17),
(2, 'dipali', 'desai', 'erererer', 'etet', 'surat', 'gujarat', '395004', 'India', 'd@d.com', '', '6789054689', 18),
(3, 'dipali', 'desai', 'erererer', 'etet', 'surat', 'gujarat', '395004', 'India', 'd@d.com', '', '6789054689', 19),
(4, 'dipali', 'desai', 'erererer', 'etet', 'surat', 'gujarat', '395004', 'India', 'd@d.com', '', '6789054689', 20),
(5, 'dipali', 'desai', 'erererer', 'etet', 'surat', 'gujarat', '395004', 'India', 'd@d.com', '', '6789054689', 21),
(6, 'dipali', 'desai', 'erererer', 'etet', 'surat', 'gujarat', '395004', 'India', 'd@d.com', '', '6789054689', 22),
(7, 'dipali', 'desai', 'erererer', 'etet', 'surat', 'gujarat', '395004', 'India', 'd@d.com', '', '6789054689', 23),
(8, 'dipali', 'desai', 'erererer', 'etet', 'surat', 'gujarat', '395004', 'India', 'd@d.com', '', '6789054689', 24),
(9, 'dipali', 'desai', 'erererer', 'etet', 'surat', 'gujarat', '395004', 'India', 'd@d.com', '', '6789054689', 25),
(10, 'dipali', 'desai', 'erererer', 'etet', 'surat', 'gujarat', '395004', 'India', 'd@d.com', '', '6789054689', 26),
(11, 'dipali', 'desai', 'erererer', 'etet', 'surat', 'gujarat', '395004', 'India', 'd@d.com', '', '6789054689', 27),
(12, 'dipali', 'desai', 'erererer', 'etet', 'surat', 'gujarat', '395004', 'India', 'd@d.com', '', '6789054689', 28),
(13, 'dipali', 'desai', 'erererer', 'etet', 'surat', 'gujarat', '395004', 'India', 'd@d.com', '', '6789054689', 29),
(14, 'dipali', 'desai', 'erererer', 'etet', 'surat', 'gujarat', '395004', 'India', 'd@d.com', '', '6789054689', 30),
(15, 'dipali', 'desai', 'erererer', 'etet', 'surat', 'gujarat', '395004', 'India', 'd@d.com', '', '6789054689', 31),
(16, 'dipali', 'desai', 'erererer', 'etet', 'surat', 'gujarat', '395004', 'India', 'd@d.com', '', '6789054689', 32),
(17, 'dipali', 'desai', 'erererer', 'etet', 'surat', 'gujarat', '395004', 'India', 'd@d.com', '', '6789054689', 33),
(18, 'dipali', 'desai', 'erererer', 'etet', 'surat', 'gujarat', '395004', 'India', 'd@d.com', '', '6789054689', 34),
(19, 'dipali', 'desai', 'erererer', 'etet', 'surat', 'gujarat', '395004', 'India', 'd@d.com', '', '6789054689', 35),
(20, 'dipali', 'desai', 'erererer', 'etet', 'surat', 'gujarat', '395004', 'India', 'd@d.com', '', '6789054689', 36),
(21, 'dipali', 'desai', 'erererer', 'etet', 'surat', 'gujarat', '395004', 'India', 'd@d.com', '', '6789054689', 37),
(22, 'dipali', 'desai', 'erererer', 'etet', 'surat', 'gujarat', '0200', 'Australia', 'd@d.com', '', '6789054689', 38),
(23, 'dipali', 'desai', 'erererer', 'etet', 'surat', 'gujarat', '0200', 'Australia', 'd@d.com', '', '6789054689', 39),
(24, 'dipali', 'desai', 'erererer', 'etet', 'surat', 'gujarat', '0200', 'Australia', 'd@d.com', '', '6789054689', 40),
(25, 'dipali', 'desai', 'erererer', 'etet', 'surat', 'gujarat', '0200', 'Australia', 'd@d.com', '', '6789054689', 41),
(26, 'dipali', 'desai', 'erererer', 'etet', 'surat', 'gujarat', '0200', 'Australia', 'd@d.com', '', '6789054689', 42),
(27, 'dipali', 'desai', 'erererer', 'etet', 'surat', 'gujarat', '0200', 'Australia', 'd@d.com', '', '6789054689', 43),
(28, 'dipali', 'desai', 'erererer', 'etet', 'surat', 'gujarat', '0200', 'Australia', 'd@d.com', '', '6789054689', 44),
(29, 'dipali', 'desai', 'erererer', 'etet', 'surat', 'gujarat', '0200', 'Australia', 'd@d.com', '', '6789054689', 45),
(30, 'dipali', 'desai', 'erererer', 'etet', 'surat', 'gujarat', '0200', 'Australia', 'd@d.com', '', '6789054689', 46),
(31, 'dipali', 'desai', 'erererer', 'etet', 'surat', 'gujarat', '0200', 'Australia', 'd@d.com', '', '6789054689', 47),
(32, 'dipali', 'desai', 'erererer', 'etet', 'surat', 'gujarat', '0200', 'Australia', 'd@d.com', '', '6789054689', 48),
(33, 'dipali', 'desai', 'erererer', 'etet', 'surat', 'gujarat', '0200', 'Australia', 'd@d.com', '', '6789054689', 49),
(34, 'dipali', 'desai', 'erererer', 'etet', 'surat', 'gujarat', '0200', 'Australia', 'd@d.com', '', '6789054689', 50),
(35, 'dipali', 'desai', 'erererer', 'etet', 'surat', 'gujarat', '0200', 'Australia', 'd@d.com', '', '6789054689', 51),
(36, 'dipali', 'desai', 'erererer', 'etet', 'surat', 'gujarat', '0200', 'Australia', 'd@d.com', '', '6789054689', 52),
(37, 'dipali', 'desai', 'erererer', 'etet', 'surat', 'gujarat', '0200', 'Australia', 'd@d.com', '', '6789054689', 53),
(38, 'dipali', 'desai', 'erererer', 'etet', 'surat', 'gujarat', '0200', 'Australia', 'd@d.com', '', '6789054689', 54),
(39, 'dipali', 'desai', 'erererer', 'etet', 'surat', 'gujarat', '0200', 'Australia', 'd@d.com', '', '6789054689', 55),
(40, 'dipali', 'desai', 'erererer', 'etet', 'surat', 'gujarat', '0200', 'Australia', 'd@d.com', '', '6789054689', 56),
(41, 'dipali', 'desai', 'erererer', 'etet', 'surat', 'gujarat', '0200', 'Australia', 'd@d.com', '', '6789054689', 57),
(42, 'dipali', 'desai', 'erererer', 'etet', 'surat', 'gujarat', '0200', 'Australia', 'd@d.com', '', '6789054689', 58),
(43, 'dipali', 'desai', 'erererer', 'etet', 'surat', 'gujarat', '0200', 'Australia', 'd@d.com', '', '6789054689', 59),
(44, 'dipali', 'desai', 'erererer', 'etet', 'surat', 'gujarat', '0200', 'Australia', 'd@d.com', '', '6789054689', 60),
(45, 'dipali', 'desai', 'erererer', 'etet', 'surat', 'gujarat', '0200', 'Australia', 'd@d.com', '', '6789054689', 61),
(46, 'dipali', 'desai', 'erererer', 'etet', 'surat', 'gujarat', '0200', 'Australia', 'd@d.com', '', '6789054689', 62),
(47, 'dipali', 'desai', 'erererer', 'etet', 'surat', 'gujarat', '0200', 'Australia', 'd@d.com', '', '6789054689', 63),
(48, 'dipali', 'desai', 'erererer', 'etet', 'surat', 'gujarat', '0200', 'Australia', 'd@d.com', '', '6789054689', 64),
(49, 'dipali', 'desai', 'erererer', 'etet', 'surat', 'gujarat', '0200', 'Australia', 'd@d.com', '', '6789054689', 65),
(50, 'dipali', 'desai', 'erererer', 'etet', 'surat', 'gujarat', '0200', 'Australia', 'd@d.com', '', '6789054689', 66),
(51, 'dipali', 'desai', 'erererer', 'etet', 'surat', 'gujarat', '0200', 'Australia', 'd@d.com', '', '6789054689', 67),
(52, 'dipali', 'desai', 'erererer', 'etet', 'surat', 'gujarat', '0200', 'Australia', 'd@d.com', '', '6789054689', 68),
(53, 'dipali', 'desai', 'erererer', 'etet', 'surat', 'gujarat', '0200', 'Australia', 'd@d.com', '', '6789054689', 69),
(54, 'dipali', 'desai', 'erererer', 'etet', 'surat', 'gujarat', '0200', 'Australia', 'd@d.com', '', '6789054689', 70),
(55, 'dipali', 'desai', 'erererer', 'etet', 'surat', 'gujarat', '0200', 'Australia', 'd@d.com', '', '6789054689', 71),
(56, 'dipali', 'desai', 'erererer', 'etet', 'surat', 'gujarat', '0200', 'Australia', 'd@d.com', '', '6789054689', 72),
(57, 'dipali', 'desai', 'erererer', 'etet', 'surat', 'gujarat', '0200', 'Australia', 'd@d.com', '', '6789054689', 73),
(58, 'dipali', 'desai', 'erererer', 'etet', 'surat', 'gujarat', '0200', 'Australia', 'd@d.com', '', '6789054689', 74),
(59, 'dipali', 'desai', 'erererer', 'etet', 'surat', 'gujarat', '0200', 'Australia', 'd@d.com', '', '6789054689', 75),
(60, 'dipali', 'desai', 'erererer', 'etet', 'surat', 'gujarat', '0200', 'Australia', 'd@d.com', '', '6789054689', 76),
(61, 'dipali', 'desai', 'erererer', 'etet', 'surat', 'gujarat', '0200', 'Australia', 'd@d.com', '', '6789054689', 77),
(62, 'dipali', 'desai', 'erererer', 'etet', 'surat', 'gujarat', '0200', 'Australia', 'd@d.com', '', '6789054689', 78),
(63, 'dipali', 'desai', 'erererer', 'etet', 'surat', 'gujarat', '0201', 'Australia', 'd@d.com', '', '6789054689', 79),
(64, 'dipali', 'desai', 'erererer', 'etet', 'surat', 'gujarat', '0201', 'Australia', 'd@d.com', '', '6789054689', 80),
(65, 'dipali', 'desai', 'erererer', 'etet', 'surat', 'gujarat', '0201', 'Australia', 'd@d.com', '', '6789054689', 81),
(66, 'dipali', 'desai', 'erererer', 'etet', 'surat', 'gujarat', '0201', 'Australia', 'd@d.com', '', '6789054689', 82),
(67, 'dipali', 'desai', 'erererer', 'etet', 'surat', 'gujarat', '0201', 'Australia', 'd@d.com', '', '6789054689', 83),
(68, 'dipali', 'desai', '', '', '', 'gujarat', '0201', 'Australia', 'd@d.com', '', '6789054689', 84),
(69, 'dipali', 'desai', 'erererer', 'etet', 'surat', 'gujarat', '0201', 'Australia', 'd@d.com', '', '6789054689', 87),
(70, 'dipali', 'desai', 'erererer', 'etet', 'surat', 'gujarat', '0201', 'Australia', 'd@d.com', '', '6789054689', 88),
(71, 'dipali', 'desai', 'erererer', 'etet', 'surat', 'gujarat', '0201', 'Australia', 'd@d.com', '', '6789054689', 89),
(72, 'dipali', 'desai', 'erererer', 'etet', 'surat', 'gujarat', '0201', 'Australia', 'd@d.com', '', '6789054689', 90),
(73, 'dipali', 'desai', 'erererer', 'etet', 'surat', 'gujarat', '0201', 'Australia', 'd@d.com', '', '6789054689', 91);

-- --------------------------------------------------------

--
-- Table structure for table `catalogue_detail`
--

CREATE TABLE IF NOT EXISTS `catalogue_detail` (
  `catalogue_detail_id` int(11) NOT NULL AUTO_INCREMENT,
  `catalogue_master_id` int(11) NOT NULL,
  `product_master_id` int(11) NOT NULL,
  PRIMARY KEY (`catalogue_detail_id`)
) ENGINE=MyISAM  DEFAULT CHARSET=latin1 AUTO_INCREMENT=24 ;

--
-- Dumping data for table `catalogue_detail`
--

INSERT INTO `catalogue_detail` (`catalogue_detail_id`, `catalogue_master_id`, `product_master_id`) VALUES
(19, 1, 23),
(18, 2, 21),
(9, 2, 20),
(7, 0, 19),
(23, 1, 18),
(8, 2, 13),
(11, 1, 17),
(20, 2, 14),
(21, 2, 15),
(22, 2, 16);

-- --------------------------------------------------------

--
-- Table structure for table `catalogue_master`
--

CREATE TABLE IF NOT EXISTS `catalogue_master` (
  `catalogue_id` int(11) NOT NULL AUTO_INCREMENT,
  `catalogue_name` varchar(255) NOT NULL,
  `catalogue_price_range_from` varchar(200) NOT NULL,
  `catalogue_price_range_to` varchar(100) NOT NULL,
  `catalogue_parent_category` int(11) NOT NULL,
  `catalogue_sub_category` int(11) NOT NULL,
  `catalogue_cover_product_id` int(11) NOT NULL,
  `catalogue_active_status` tinyint(4) NOT NULL COMMENT '0=Inactive , 1=Active',
  PRIMARY KEY (`catalogue_id`)
) ENGINE=MyISAM  DEFAULT CHARSET=latin1 AUTO_INCREMENT=4 ;

--
-- Dumping data for table `catalogue_master`
--

INSERT INTO `catalogue_master` (`catalogue_id`, `catalogue_name`, `catalogue_price_range_from`, `catalogue_price_range_to`, `catalogue_parent_category`, `catalogue_sub_category`, `catalogue_cover_product_id`, `catalogue_active_status`) VALUES
(1, 'Cat001', '2500', '3000', 1, 4, 17, 1),
(2, 'Cat002', '800', '1400', 2, 5, 16, 1),
(3, 'aaaa', '50', '40', 2, 5, 0, 1);

-- --------------------------------------------------------

--
-- Table structure for table `category_master`
--

CREATE TABLE IF NOT EXISTS `category_master` (
  `category_ID` int(11) NOT NULL AUTO_INCREMENT,
  `category_name` varchar(255) NOT NULL,
  `parent_category_ID` int(11) NOT NULL,
  `category_active_status` tinyint(4) NOT NULL,
  `cat_display_order` int(11) NOT NULL,
  PRIMARY KEY (`category_ID`)
) ENGINE=MyISAM  DEFAULT CHARSET=latin1 AUTO_INCREMENT=13 ;

--
-- Dumping data for table `category_master`
--

INSERT INTO `category_master` (`category_ID`, `category_name`, `parent_category_ID`, `category_active_status`, `cat_display_order`) VALUES
(1, 'In Fronts', 0, 1, 1),
(2, 'Boy', 0, 1, 3),
(3, 'Accessories', 0, 1, 4),
(4, 'Boy', 1, 1, 0),
(5, '2-4 years', 2, 1, 0),
(7, 'Girl', 0, 1, 2),
(8, '2-4 years', 7, 1, 0),
(9, 'Girl', 1, 1, 0),
(10, 'Uni Sex', 1, 1, 0),
(11, '5-7 years', 2, 1, 0),
(12, '5-7 years', 7, 1, 0);

-- --------------------------------------------------------

--
-- Table structure for table `color_mast`
--

CREATE TABLE IF NOT EXISTS `color_mast` (
  `Color_id` int(11) NOT NULL AUTO_INCREMENT,
  `Color` varchar(50) NOT NULL,
  `Color_image` varchar(255) NOT NULL,
  PRIMARY KEY (`Color_id`)
) ENGINE=MyISAM  DEFAULT CHARSET=latin1 AUTO_INCREMENT=54 ;

--
-- Dumping data for table `color_mast`
--

INSERT INTO `color_mast` (`Color_id`, `Color`, `Color_image`) VALUES
(1, 'Red', 'colour1.jpg'),
(2, 'Orange', 'colour2.jpg'),
(3, 'Green', 'colour3.jpg'),
(4, 'Blue', 'colour4.jpg'),
(5, 'Purple', 'colour5.jpg'),
(6, 'Black', 'colour6.jpg'),
(7, 'Golden', 'colour7.jpg'),
(8, 'Dark Pink	', 'colour8.jpg'),
(9, 'Chrome Yellow', 'colour9.jpg'),
(10, 'Brown', 'colour10.jpg'),
(11, 'Yellow', 'colour11.jpg'),
(12, 'Sea Green', 'colour12.jpg'),
(13, 'Teal', 'colour13.jpg'),
(14, 'Violet Blue', 'colour14.jpg'),
(15, 'Grey', 'colour15.jpg'),
(16, 'Brown', 'colour16.jpg'),
(17, 'Lime', 'colour17.jpg'),
(18, 'Purple', 'colour18.jpg'),
(19, 'Coffee', 'colour19.jpg'),
(20, 'Peach', 'colour20.jpg'),
(21, 'Pastel Green', 'colour21.jpg'),
(22, 'Teal', 'colour22.jpg'),
(23, 'Megneta', 'colour23.jpg'),
(24, 'Dark Grey', 'colour24.jpg'),
(25, 'Purple', 'colour25.jpg'),
(26, 'Baby Pink', 'colour26.jpg'),
(27, 'Navy', 'colour27.jpg'),
(28, 'Maroon', 'colour28.jpg'),
(29, 'Cream', 'colour29.jpg'),
(30, 'Parrot Green', 'colour30.jpg'),
(31, 'Sky Blue', 'colour31.jpg'),
(32, 'Violet', 'colour32.jpg'),
(33, 'White', 'colour33.jpg'),
(34, 'Cream', 'colour34.jpg'),
(35, 'Light Purple', 'colour35.jpg'),
(36, 'Dark Green', 'colour36.jpg'),
(37, 'Fawn', 'colour37.jpg'),
(38, 'Light Grey', 'colour38.jpg'),
(39, 'Dark Blue', 'colour39.jpg'),
(40, 'Sky Blue', 'colour40.jpg'),
(41, 'Peach', 'colour41.jpg'),
(42, 'White', 'colour42.jpg'),
(43, 'Mustard', 'colour43.jpg'),
(44, 'Darl Orange', 'colour44.jpg'),
(45, 'Wine', 'colour45.jpg'),
(46, 'Orange', 'colour46.jpg'),
(47, 'Olive', 'colour47.jpg'),
(48, 'Dark Blue', 'colour48.jpg'),
(49, 'Aqua', 'colour49.jpg'),
(50, 'Black', 'colour50.jpg'),
(51, 'Green', 'colour51.jpg');

-- --------------------------------------------------------

--
-- Table structure for table `contactus_inquiry`
--

CREATE TABLE IF NOT EXISTS `contactus_inquiry` (
  `inquiry_id` int(11) NOT NULL AUTO_INCREMENT,
  `inquiry_by_name` varchar(255) NOT NULL,
  `inquiry_by_email` varchar(255) NOT NULL,
  `inquiry_by_mobile` varchar(50) NOT NULL,
  `inquiry_by_country` varchar(255) NOT NULL,
  `inquiry_by_query` longtext NOT NULL,
  `inquiry_on_datetime` datetime NOT NULL,
  `inquiry_from_ip` varchar(20) NOT NULL,
  PRIMARY KEY (`inquiry_id`)
) ENGINE=MyISAM DEFAULT CHARSET=latin1 AUTO_INCREMENT=1 ;

--
-- Dumping data for table `contactus_inquiry`
--


-- --------------------------------------------------------

--
-- Table structure for table `feedback`
--

CREATE TABLE IF NOT EXISTS `feedback` (
  `feedback_id` int(11) NOT NULL AUTO_INCREMENT,
  `feedback_name` varchar(255) NOT NULL,
  `mobile_no` varchar(20) NOT NULL,
  `email` varchar(255) NOT NULL,
  `comments` longtext NOT NULL,
  `date` date NOT NULL,
  `time` time NOT NULL,
  `ip_address` varchar(255) NOT NULL,
  `feedback_user_type` tinyint(4) NOT NULL COMMENT '0 = Guest  1 = Registered user',
  PRIMARY KEY (`feedback_id`)
) ENGINE=MyISAM  DEFAULT CHARSET=latin1 AUTO_INCREMENT=59 ;

--
-- Dumping data for table `feedback`
--

INSERT INTO `feedback` (`feedback_id`, `feedback_name`, `mobile_no`, `email`, `comments`, `date`, `time`, `ip_address`, `feedback_user_type`) VALUES
(58, '', '', '', '', '2013-01-12', '12:44:03', '::1', 0),
(57, 'Abhi', '9856236589', 'abhi@gmail.com', 'hiiiii', '2013-01-12', '11:12:50', '::1', 0),
(56, 'dipali', '', 'd@d.com', 'hellow', '2013-01-12', '11:01:56', '::1', 1);

-- --------------------------------------------------------

--
-- Table structure for table `inquiry`
--

CREATE TABLE IF NOT EXISTS `inquiry` (
  `inquiry_id` int(11) NOT NULL AUTO_INCREMENT,
  `inquiry_name` varchar(200) NOT NULL,
  `inquiry_email` varchar(255) NOT NULL,
  `inquiry_country` varchar(150) NOT NULL,
  `inquiry_city` varchar(150) NOT NULL,
  `inquiry_contactno` varchar(20) NOT NULL,
  `inquiry_message` longtext NOT NULL,
  `inquiry_for` tinyint(5) NOT NULL COMMENT '1=Product Information ,  2=Catalogue ',
  `inquiry_forid` int(11) NOT NULL,
  PRIMARY KEY (`inquiry_id`)
) ENGINE=MyISAM  DEFAULT CHARSET=latin1 AUTO_INCREMENT=3 ;

--
-- Dumping data for table `inquiry`
--

INSERT INTO `inquiry` (`inquiry_id`, `inquiry_name`, `inquiry_email`, `inquiry_country`, `inquiry_city`, `inquiry_contactno`, `inquiry_message`, `inquiry_for`, `inquiry_forid`) VALUES
(1, 'dipali', 'deepalidesai31188@gmail.com', 'Albania', 'jkhkjhk', '645646546', 'hkjhkjhjkh', 2, 2),
(2, 'abhi', 'desai@ymail.com', 'Albania', 'surat', '6633663399', 'hhhhhhhhhhhhhhhh', 1, 23);

-- --------------------------------------------------------

--
-- Table structure for table `kid_admin_mast`
--

CREATE TABLE IF NOT EXISTS `kid_admin_mast` (
  `kid_admin_id` int(11) NOT NULL AUTO_INCREMENT,
  `kid_admin_name` varchar(255) NOT NULL,
  `kid_username` varchar(255) NOT NULL,
  `kid_password` varchar(255) NOT NULL,
  `kid_mobileno` varchar(20) NOT NULL,
  `kid_admin_is_master` tinyint(4) NOT NULL,
  PRIMARY KEY (`kid_admin_id`)
) ENGINE=MyISAM  DEFAULT CHARSET=latin1 AUTO_INCREMENT=5 ;

--
-- Dumping data for table `kid_admin_mast`
--

INSERT INTO `kid_admin_mast` (`kid_admin_id`, `kid_admin_name`, `kid_username`, `kid_password`, `kid_mobileno`, `kid_admin_is_master`) VALUES
(1, 'Klassic Kids', 'admin', 'ZmFzaGlvbg==', '5689525364', 1),
(2, 'meera', 'meera1', 'MjEyMTIx', '1', 0);

-- --------------------------------------------------------

--
-- Table structure for table `kid_brand_mast`
--

CREATE TABLE IF NOT EXISTS `kid_brand_mast` (
  `kid_brand_id` int(11) NOT NULL AUTO_INCREMENT,
  `kid_brand_name` varchar(255) NOT NULL,
  `kid_main_brand_cover_image` varchar(255) NOT NULL,
  `kid_brand_logo_image` varchar(255) NOT NULL,
  `kid_brand_active_status` tinyint(4) NOT NULL COMMENT '1=Yes  0=No',
  PRIMARY KEY (`kid_brand_id`)
) ENGINE=MyISAM  DEFAULT CHARSET=latin1 AUTO_INCREMENT=3 ;

--
-- Dumping data for table `kid_brand_mast`
--

INSERT INTO `kid_brand_mast` (`kid_brand_id`, `kid_brand_name`, `kid_main_brand_cover_image`, `kid_brand_logo_image`, `kid_brand_active_status`) VALUES
(1, 'Gini & Jony', 'f1.jpg', 't1.jpg', 1);

-- --------------------------------------------------------

--
-- Table structure for table `kid_voucher_coupon`
--

CREATE TABLE IF NOT EXISTS `kid_voucher_coupon` (
  `kid_coupon_id` int(11) NOT NULL AUTO_INCREMENT,
  `kid_coupon_name` varchar(255) NOT NULL,
  `kid_coupon_amount` varchar(150) NOT NULL,
  `kid_minimum_purchase_value` varchar(100) NOT NULL,
  `kid_expiration_from_date` date NOT NULL,
  `kid_expiration_to_date` date NOT NULL,
  `kid_maximum_time_coupon_can_be_used` varchar(100) NOT NULL,
  `kid_coupon_active_status` tinyint(4) NOT NULL COMMENT '1= Active  0=In Active',
  PRIMARY KEY (`kid_coupon_id`)
) ENGINE=MyISAM DEFAULT CHARSET=latin1 AUTO_INCREMENT=1 ;

--
-- Dumping data for table `kid_voucher_coupon`
--


-- --------------------------------------------------------

--
-- Table structure for table `newsletter_subscriber`
--

CREATE TABLE IF NOT EXISTS `newsletter_subscriber` (
  `newsletter_subscriber_ID` int(11) NOT NULL AUTO_INCREMENT,
  `newsletter_subscriber_email` varchar(255) NOT NULL,
  `newsletter_subscriber_datetime` datetime NOT NULL,
  `newsletter_subscriber_ip` varchar(20) NOT NULL,
  `newsletter_subscriber_status` tinyint(4) NOT NULL DEFAULT '1',
  PRIMARY KEY (`newsletter_subscriber_ID`)
) ENGINE=MyISAM  DEFAULT CHARSET=latin1 AUTO_INCREMENT=8 ;

--
-- Dumping data for table `newsletter_subscriber`
--

INSERT INTO `newsletter_subscriber` (`newsletter_subscriber_ID`, `newsletter_subscriber_email`, `newsletter_subscriber_datetime`, `newsletter_subscriber_ip`, `newsletter_subscriber_status`) VALUES
(1, 'nirav@indoushosting.com', '2012-05-11 04:46:47', '192.168.3.9', 1),
(5, 'Email ID', '2012-11-19 14:00:48', '::1', 1),
(3, 'samir.chandiwala@gmail.com', '2012-06-05 06:13:01', '182.156.191.10', 1),
(4, 'taseen_taha@yahoo.com', '2012-06-06 11:45:32', '180.234.113.110', 1),
(6, 'd@d.com', '2012-11-19 14:06:24', '::1', 1),
(7, 'pardhinilesh@gmail.com', '2012-11-19 14:20:14', '192.168.1.4', 1);

-- --------------------------------------------------------

--
-- Table structure for table `offer_mast`
--

CREATE TABLE IF NOT EXISTS `offer_mast` (
  `offer_id` int(11) NOT NULL AUTO_INCREMENT,
  `offer_name` varchar(100) NOT NULL,
  `offer_amt` int(11) NOT NULL,
  `offer_type` tinyint(4) NOT NULL COMMENT '1 = % 2 = Rs',
  `Start_date` date NOT NULL,
  `End_date` date NOT NULL,
  `offer_active_status` tinyint(4) NOT NULL COMMENT '0 = Inactive 1 = Active',
  PRIMARY KEY (`offer_id`)
) ENGINE=MyISAM  DEFAULT CHARSET=latin1 AUTO_INCREMENT=4 ;

--
-- Dumping data for table `offer_mast`
--

INSERT INTO `offer_mast` (`offer_id`, `offer_name`, `offer_amt`, `offer_type`, `Start_date`, `End_date`, `offer_active_status`) VALUES
(1, 'Summer Bumper Dhamaka', 35, 1, '2012-05-01', '2012-05-31', 1),
(2, 'Special Discount', 10, 1, '2012-05-01', '2012-05-31', 1),
(3, '20% Flat Discount', 20, 1, '2012-05-01', '2012-06-13', 1);

-- --------------------------------------------------------

--
-- Table structure for table `page_master`
--

CREATE TABLE IF NOT EXISTS `page_master` (
  `page_ID` int(11) NOT NULL AUTO_INCREMENT,
  `page_title` varchar(255) NOT NULL,
  `page_content` longtext NOT NULL,
  `page_content_active_status` tinyint(4) NOT NULL COMMENT '0 = No 1 = Yes',
  PRIMARY KEY (`page_ID`)
) ENGINE=MyISAM  DEFAULT CHARSET=latin1 AUTO_INCREMENT=8 ;

--
-- Dumping data for table `page_master`
--

INSERT INTO `page_master` (`page_ID`, `page_title`, `page_content`, `page_content_active_status`) VALUES
(1, 'About us', '<p>\r\n	About us</p>\r\n', 1),
(2, 'Privacy Policy', 'Privacy Policy', 1),
(3, 'Shipping Policy', 'Shipping Policy', 1),
(4, 'Return Policy', '<p>\r\n	Return Policy</p>\r\n', 1),
(5, 'Payment Options', '<p>\r\n	Payment Options</p>\r\n', 1),
(6, 'Contact Us', 'Contact Us', 1),
(7, 'FAQs', '<div>\r\n	<p>\r\n		<strong>Placing your Order</strong></p>\r\n	<p>\r\n		Select the product you wish to purchase and click on the &#39;add to cart&#39; button.</p>\r\n</div>\r\n<p>\r\n	Once you have completed your shopping you can click on the &#39;checkout&#39; button.</p>\r\n<p>\r\n	This will take you through to checkout. &nbsp;&nbsp;You will be able to modify your order should you wish to before submitting it.</p>\r\n<div>\r\n	<p>\r\n		<strong>Orders and Payment</strong></p>\r\n</div>\r\n<p>\r\n	<strong>Payment Method</strong></p>\r\n<ul>\r\n	<li>\r\n		All prices are listed in Australian Dollars</li>\r\n	<li>\r\n		All prices are inclusive of 10% GST.</li>\r\n	<li>\r\n		All Payments are to be made via Paypal.</li>\r\n</ul>\r\n<p>\r\n	<strong>Stock Status</strong></p>\r\n<p>\r\n	If an item is not in stock, it should say so in the system. If by a rare chance, your order cannot be fulfilled (eg. a &ldquo;last piece&rdquo; item is bought in the online shop at the same time you are making your order), we will send you an email as soon as possible to alert you. Any exchange will be arranged from there.</p>\r\n<p>\r\n	<strong>Colours &amp; Prints</strong></p>\r\n<p>\r\n	Since computer monitors vary, actual colours of the items offered may be a little different from what you might expect from seeing them on the monitors. if you are unhappy with the colours, you can arrange for a credit (amount to be used for your future purchases) after you have received your orders.</p>\r\n<div>\r\n	<p>\r\n		<strong>Shipping &amp; Delivery</strong></p>\r\n</div>\r\n<p>\r\n	We engage the services of Australia Post for all postage and handling.</p>\r\n<p>\r\n	The delivery fee is charged based on the Post Code of your Delivery Address.</p>\r\n<p>\r\n	Your order will be processed and despatched within 2-3 working days from the date of receipt of your payment.</p>\r\n<p>\r\n	Please email us&nbsp;at <a href="mailto:info@klassickids.com.au">info@klassickids.com.au</a>if you have any questions about your shipping arrangements and charges.</p>\r\n<div>\r\n	<p>\r\n		<strong>Returns</strong></p>\r\n</div>\r\n<p>\r\n	You can return any item within 14 days from the receipt your order.</p>\r\n<p>\r\n	The items must be in original condition with all labels and swing tags still attached</p>\r\n<p>\r\n	Please include the original Tax Invoice along with the returned items.</p>\r\n<p>\r\n	If you no longer have the original Tax Invoice, please&nbsp;email us <a href="mailto:info@klassickids.com.au">info@klassickids.com.au</a></p>\r\n<p>\r\n	Please allow up to 7 working days for your return to be processed and dispatched.</p>\r\n<p>\r\n	<strong>WHEN RETURNING ITEMS:</strong></p>\r\n<p>\r\n	Affix postage and Address the parcel to:</p>\r\n<p>\r\n	3/22 Station St,</p>\r\n<p>\r\n	Harris Park,</p>\r\n<p>\r\n	NSW &ndash; 2150</p>\r\n<p>\r\n	Australia</p>\r\n<p>\r\n	<br />\r\n	Note:&nbsp;The postage charges on returns are not refundable (both ways), unless there is a defect or the wrong product has been supplied.</p>\r\n<div>\r\n	<p>\r\n		<strong>PRIVACY NOTICE</strong></p>\r\n</div>\r\n<p>\r\n	We are committed to protecting your privacy.<br />\r\n	We will only use the information that we collect about you lawfully.</p>\r\n<p>\r\n	We collect information about you for 2 reasons:</p>\r\n<p>\r\n	&middot;&nbsp;&nbsp;&nbsp;&nbsp;&nbsp;&nbsp;&nbsp;&nbsp; To process your order and</p>\r\n<p>\r\n	&middot;&nbsp;&nbsp;&nbsp;&nbsp;&nbsp;&nbsp;&nbsp;&nbsp; To provide you with the best possible service.</p>\r\n<p>\r\n	We do not collect nor store your credit card details on our system.</p>\r\n<p>\r\n	We will never collect sensitive information about you without your explicit consent.</p>\r\n<p>\r\n	The information we hold will be accurate and up to date.</p>\r\n<p>\r\n	You can check the information that we hold about you by emailing us at <a href="mailto:info@klassickids.com.au">info@klassickids.com.au</a></p>\r\n<p>\r\n	If you find any inaccuracies, please contact us at <a href="mailto:info@klassickids.com.au">info@klassickids.com.au</a> and we will either delete or correct it promptly.</p>\r\n<p>\r\n	We may use technology to track the patterns of behaviour of visitors to our site.</p>\r\n', 1);

-- --------------------------------------------------------

--
-- Table structure for table `paypal_table`
--

CREATE TABLE IF NOT EXISTS `paypal_table` (
  `id` int(11) NOT NULL AUTO_INCREMENT,
  `payer_id` varchar(60) DEFAULT NULL,
  `payment_date` varchar(50) DEFAULT NULL,
  `txn_id` varchar(50) DEFAULT NULL,
  `first_name` varchar(50) DEFAULT NULL,
  `last_name` varchar(50) DEFAULT NULL,
  `payer_email` varchar(75) DEFAULT NULL,
  `payer_status` varchar(50) DEFAULT NULL,
  `payment_type` varchar(50) DEFAULT NULL,
  `memo` tinytext,
  `item_name` varchar(127) DEFAULT NULL,
  `invoice` varchar(127) DEFAULT NULL,
  `quantity` int(11) NOT NULL DEFAULT '0',
  `mc_gross` decimal(9,2) DEFAULT NULL,
  `mc_currency` char(3) DEFAULT NULL,
  `address_name` varchar(255) NOT NULL DEFAULT '''''',
  `address_street` varchar(255) NOT NULL DEFAULT '''''',
  `address_city` varchar(255) NOT NULL DEFAULT '''''',
  `address_state` varchar(255) NOT NULL DEFAULT '''''',
  `address_zip` varchar(255) NOT NULL DEFAULT '''''',
  `address_country` varchar(255) NOT NULL DEFAULT '''''',
  `address_status` varchar(255) NOT NULL DEFAULT '''''',
  `payer_business_name` varchar(255) NOT NULL DEFAULT '''''',
  `payment_status` varchar(255) NOT NULL DEFAULT '''''',
  `pending_reason` varchar(255) NOT NULL DEFAULT '''''',
  `reason_code` varchar(255) NOT NULL DEFAULT '''''',
  `txn_type` varchar(255) NOT NULL DEFAULT '''''',
  PRIMARY KEY (`id`),
  UNIQUE KEY `txn_id` (`txn_id`),
  KEY `txn_id_2` (`txn_id`)
) ENGINE=MyISAM  DEFAULT CHARSET=latin1 PACK_KEYS=0 ROW_FORMAT=DYNAMIC AUTO_INCREMENT=2 ;

--
-- Dumping data for table `paypal_table`
--

INSERT INTO `paypal_table` (`id`, `payer_id`, `payment_date`, `txn_id`, `first_name`, `last_name`, `payer_email`, `payer_status`, `payment_type`, `memo`, `item_name`, `invoice`, `quantity`, `mc_gross`, `mc_currency`, `address_name`, `address_street`, `address_city`, `address_state`, `address_zip`, `address_country`, `address_status`, `payer_business_name`, `payment_status`, `pending_reason`, `reason_code`, `txn_type`) VALUES
(1, '', '', '', '', '', '', '', '', '', '', '', 0, '0.00', '', '', '', '', '', '', '', '', '', '', '', '', '');

-- --------------------------------------------------------

--
-- Table structure for table `product_category`
--

CREATE TABLE IF NOT EXISTS `product_category` (
  `Product_cat_id` int(11) NOT NULL AUTO_INCREMENT,
  `Product_mast_id` int(11) NOT NULL,
  `Category_mast_id` int(11) NOT NULL,
  PRIMARY KEY (`Product_cat_id`)
) ENGINE=MyISAM  DEFAULT CHARSET=latin1 AUTO_INCREMENT=69 ;

--
-- Dumping data for table `product_category`
--

INSERT INTO `product_category` (`Product_cat_id`, `Product_mast_id`, `Category_mast_id`) VALUES
(26, 1, 1),
(19, 2, 2),
(18, 2, 11),
(25, 1, 10),
(27, 3, 5),
(28, 3, 2),
(29, 4, 2),
(30, 5, 11),
(31, 5, 2),
(32, 7, 5),
(33, 7, 2),
(34, 8, 5),
(35, 8, 2),
(36, 9, 5),
(37, 9, 2),
(38, 10, 2),
(68, 11, 2),
(67, 11, 11),
(47, 19, 11),
(48, 19, 2),
(49, 20, 9),
(50, 20, 1),
(51, 21, 1),
(52, 22, 9),
(53, 22, 1),
(54, 23, 9),
(55, 23, 1),
(56, 24, 10),
(57, 24, 1),
(58, 25, 2),
(59, 26, 1),
(60, 27, 1);

-- --------------------------------------------------------

--
-- Table structure for table `product_colors`
--

CREATE TABLE IF NOT EXISTS `product_colors` (
  `product_color_ID` int(11) NOT NULL AUTO_INCREMENT,
  `product_master_ID` int(11) NOT NULL,
  `color_master_ID` int(11) NOT NULL,
  PRIMARY KEY (`product_color_ID`)
) ENGINE=MyISAM  DEFAULT CHARSET=latin1 AUTO_INCREMENT=64 ;

--
-- Dumping data for table `product_colors`
--

INSERT INTO `product_colors` (`product_color_ID`, `product_master_ID`, `color_master_ID`) VALUES
(20, 1, 18),
(12, 2, 2),
(19, 1, 1),
(21, 3, 2),
(22, 4, 16),
(23, 5, 17),
(24, 5, 31),
(25, 7, 9),
(26, 8, 9),
(27, 9, 9),
(28, 10, 1),
(63, 11, 24),
(51, 19, 25),
(50, 19, 23),
(52, 20, 31),
(53, 21, 1),
(54, 23, 51),
(55, 24, 29),
(56, 25, 9),
(57, 25, 20),
(58, 26, 32),
(59, 27, 38);

-- --------------------------------------------------------

--
-- Table structure for table `product_image`
--

CREATE TABLE IF NOT EXISTS `product_image` (
  `Image_id` int(11) NOT NULL AUTO_INCREMENT,
  `Product_mast_id` int(11) NOT NULL,
  `Large_image` varchar(255) NOT NULL,
  `Medium_image` varchar(255) NOT NULL,
  `Thumb_image` varchar(255) NOT NULL,
  PRIMARY KEY (`Image_id`)
) ENGINE=MyISAM  DEFAULT CHARSET=latin1 AUTO_INCREMENT=13 ;

--
-- Dumping data for table `product_image`
--

INSERT INTO `product_image` (`Image_id`, `Product_mast_id`, `Large_image`, `Medium_image`, `Thumb_image`) VALUES
(1, 1, 'add_f1_1.jpg', 'add_m1_1.jpg', 'add_t1_1.jpg'),
(2, 1, 'add_f2_1.jpg', 'add_m2_1.jpg', 'add_t2_1.jpg'),
(3, 2, 'add_f1_2.jpg', 'add_m1_2.jpg', 'add_t1_2.jpg'),
(4, 2, 'add_f2_2.jpg', 'add_m2_2.jpg', 'add_t2_2.jpg'),
(5, 3, 'add_f1_3.jpg', 'add_m1_3.jpg', 'add_t1_3.jpg'),
(6, 3, 'add_f2_3.jpg', 'add_m2_3.jpg', 'add_t2_3.jpg'),
(7, 4, 'add_f1_4.jpg', 'add_m1_4.jpg', 'add_t1_4.jpg'),
(8, 5, 'add_f1_5.jpg', 'add_m1_5.jpg', 'add_t1_5.jpg'),
(9, 7, 'add_f1_6.jpg', 'add_m1_6.jpg', 'add_t1_6.jpg'),
(10, 8, 'add_f1_7.jpg', 'add_m1_7.jpg', 'add_t1_7.jpg'),
(11, 9, 'add_f1_8.jpg', 'add_m1_8.jpg', 'add_t1_8.jpg'),
(12, 10, 'add_f1_6.jpg', 'add_m1_6.jpg', 'add_t1_6.jpg');

-- --------------------------------------------------------

--
-- Table structure for table `product_mast`
--

CREATE TABLE IF NOT EXISTS `product_mast` (
  `Product_id` int(11) NOT NULL AUTO_INCREMENT,
  `Product_title` varchar(255) NOT NULL,
  `Product_code` varchar(100) NOT NULL,
  `Product_description` longtext NOT NULL,
  `Product_display_thumb_image` varchar(255) NOT NULL,
  `Product_display_medium_image` varchar(255) NOT NULL,
  `Product_display_full_image` varchar(255) NOT NULL,
  `Price` float(10,2) NOT NULL,
  `Product_quantity` int(11) NOT NULL,
  `product_clothes_fabric` varchar(255) NOT NULL,
  `gender` varchar(100) NOT NULL,
  `Product_active_status` tinyint(4) NOT NULL COMMENT '0=Inactive 1=Active',
  `Brand_mast_id` int(11) NOT NULL,
  `product_total_hits` int(11) NOT NULL,
  PRIMARY KEY (`Product_id`)
) ENGINE=MyISAM  DEFAULT CHARSET=latin1 AUTO_INCREMENT=28 ;

--
-- Dumping data for table `product_mast`
--

INSERT INTO `product_mast` (`Product_id`, `Product_title`, `Product_code`, `Product_description`, `Product_display_thumb_image`, `Product_display_medium_image`, `Product_display_full_image`, `Price`, `Product_quantity`, `product_clothes_fabric`, `gender`, `Product_active_status`, `Brand_mast_id`, `product_total_hits`) VALUES
(1, 'Product 01', 'P01', '<p>\r\n	Product 01</p>\r\n', 'display_t_image_1.jpg', 'display_m_image_1.jpg', 'display_f_image_1.jpg', 523.00, 20, 'cotton', 'Girl', 1, 1, 404),
(2, 'Product 02', 'P02', '\r\n', 'display_t_image_2.jpg', 'display_m_image_2.jpg', 'display_f_image_2.jpg', 250.00, 1, 'cotton', 'Girl', 1, 0, 124),
(3, 'Product 03', 'P03', '<p>\r\n	Product 03</p>\r\n', 'display_t_image_3.jpg', 'display_m_image_3.jpg', 'display_f_image_3.jpg', 53.00, 3, 'cotton', 'Girl', 1, 1, 43),
(4, 'Product 04', 'P04', '<p>\r\n	Product 04</p>\r\n', 'display_t_image_4.jpg', 'display_m_image_4.jpg', 'display_f_image_4.jpg', 85.00, 10, 'Shrifon', 'Girl', 1, 1, 63),
(5, 'Product 05', 'P05', '<p>\r\n	Product 05</p>\r\n', 'display_t_image_5.jpg', 'display_m_image_5.jpg', 'display_f_image_5.jpg', 26.00, 5, 'Silk', 'Boy', 1, 1, 20),
(20, 'Product 10', 'P10', '<br />\r\n', 'display_t_image_9.jpg', 'display_m_image_9.jpg', 'display_f_image_9.jpg', 25.00, 2, '', 'Boy', 1, 1, 1),
(10, 'Product06', 'P06', '<br />\r\n', 'display_t_image_6.jpg', 'display_m_image_6.jpg', 'display_f_image_6.jpg', 523.00, 5, '', 'Boy', 1, 1, 38),
(11, 'Product 07', 'P07', '<br />\r\n', 'display_t_image_11.jpg', 'display_m_image_11.jpg', 'display_f_image_11.jpg', 452.00, 1, '', 'Boy', 1, 0, 0),
(19, 'Product 09', 'P09', '<br />\r\n', 'display_t_image_8.jpg', 'display_m_image_8.jpg', 'display_f_image_8.jpg', 23.00, 3, '', 'Boy', 1, 1, 0),
(21, 'Product 11', 'P11', '', 'display_t_image_10.jpg', 'display_m_image_10.jpg', 'display_f_image_10.jpg', 42.00, 5, '', 'Boy', 1, 1, 0),
(22, 'Product 12', '', '<br />\r\n', 'display_t_image_11.jpg', 'display_m_image_11.jpg', 'display_f_image_11.jpg', 0.00, 1, '', 'Boy', 1, 0, 0),
(23, 'Product 13', 'P13', '', 'display_t_image_12.jpg', 'display_m_image_12.jpg', 'display_f_image_12.jpg', 56.00, 1, '', 'Boy', 1, 0, 0),
(24, 'Product 14', '', '', 'display_t_image_13.jpg', 'display_m_image_13.jpg', 'display_f_image_13.jpg', 56.00, 3, '', 'Boy', 1, 1, 0),
(25, 'Product 15', '', '<br />\r\n', 'display_t_image_14.jpg', 'display_m_image_14.jpg', 'display_f_image_14.jpg', 420.00, 5, '', 'Boy', 1, 1, 2),
(26, 'Product 16', 'P16', '<br />\r\n', 'display_t_image_15.jpg', 'display_m_image_15.jpg', 'display_f_image_15.jpg', 0.00, 1, '', 'Boy', 1, 0, 2),
(27, 'Product 17', 'P17', '', 'display_t_image_16.jpg', 'display_m_image_16.jpg', 'display_f_image_16.jpg', 210.00, 1, '', 'Boy', 1, 0, 0);

-- --------------------------------------------------------

--
-- Table structure for table `product_offer`
--

CREATE TABLE IF NOT EXISTS `product_offer` (
  `Product_offer_id` int(11) NOT NULL AUTO_INCREMENT,
  `Product_mast_id` int(11) NOT NULL,
  `offer_mast_id` int(11) NOT NULL,
  `Start_date` date NOT NULL,
  `End_date` date NOT NULL,
  `offer_amt` float(10,2) NOT NULL,
  `offer_type_id` tinyint(4) NOT NULL COMMENT '1 = % 2 = Rs',
  PRIMARY KEY (`Product_offer_id`)
) ENGINE=MyISAM  DEFAULT CHARSET=latin1 AUTO_INCREMENT=3 ;

--
-- Dumping data for table `product_offer`
--

INSERT INTO `product_offer` (`Product_offer_id`, `Product_mast_id`, `offer_mast_id`, `Start_date`, `End_date`, `offer_amt`, `offer_type_id`) VALUES
(1, 1, 2, '2012-05-01', '2012-11-20', 10.00, 1),
(2, 19, 2, '2012-05-01', '2012-05-31', 10.00, 1);

-- --------------------------------------------------------

--
-- Table structure for table `product_rate`
--

CREATE TABLE IF NOT EXISTS `product_rate` (
  `rate_id` int(11) NOT NULL AUTO_INCREMENT,
  `product_mast_id` int(11) NOT NULL,
  `rate_value` tinyint(4) NOT NULL,
  `rate_comment` longtext NOT NULL,
  `product_rate_from_id` int(11) NOT NULL,
  PRIMARY KEY (`rate_id`)
) ENGINE=MyISAM  DEFAULT CHARSET=latin1 AUTO_INCREMENT=25 ;

--
-- Dumping data for table `product_rate`
--

INSERT INTO `product_rate` (`rate_id`, `product_mast_id`, `rate_value`, `rate_comment`, `product_rate_from_id`) VALUES
(2, 4, 3, '', 1),
(3, 5, 4, '', 1),
(4, 0, 3, 'good Product', 0),
(5, 0, 3, 'hello', 0),
(6, 0, 3, 'hello', 0),
(7, 0, 0, '', 0),
(8, 0, 2, 'aaa', 0),
(9, 0, 2, 'aaa', 0),
(10, 1, 2, 'sss', 0),
(11, 1, 2, 'aaaaaaa', 0),
(12, 1, 3, 'jjjj', 0),
(13, 1, 3, 'gggg', 0),
(14, 1, 3, 'ssss', 0),
(15, 1, 3, 'dsgvsd', 0),
(16, 1, 3, 'dsadad', 0),
(17, 1, 0, 'aaaaa', 0),
(18, 1, 0, 'aaa', 0),
(19, 1, 0, '', 0),
(20, 1, 0, '', 0),
(21, 1, 0, '', 0),
(22, 1, 0, '', 0),
(23, 1, 0, 'jjjjjjjjjj', 0),
(24, 1, 0, 'wwwwwwwww', 0);

-- --------------------------------------------------------

--
-- Table structure for table `product_size`
--

CREATE TABLE IF NOT EXISTS `product_size` (
  `product_size_id` int(11) NOT NULL AUTO_INCREMENT,
  `product_mast_id` int(11) NOT NULL,
  `size_mast_id` int(11) NOT NULL,
  PRIMARY KEY (`product_size_id`)
) ENGINE=MyISAM  DEFAULT CHARSET=latin1 AUTO_INCREMENT=66 ;

--
-- Dumping data for table `product_size`
--

INSERT INTO `product_size` (`product_size_id`, `product_mast_id`, `size_mast_id`) VALUES
(1, 10, 3),
(2, 10, 4),
(65, 11, 6),
(44, 19, 6),
(43, 19, 3),
(45, 20, 1),
(46, 20, 5),
(47, 20, 6),
(48, 21, 2),
(49, 21, 8),
(50, 23, 5),
(51, 23, 6),
(52, 24, 5),
(53, 24, 6),
(54, 25, 1),
(55, 25, 3),
(56, 25, 6),
(57, 26, 1),
(58, 26, 6),
(59, 27, 5),
(60, 27, 8);

-- --------------------------------------------------------

--
-- Table structure for table `product_wishlist`
--

CREATE TABLE IF NOT EXISTS `product_wishlist` (
  `wishlist_ID` int(11) NOT NULL AUTO_INCREMENT,
  `wishlist_product_ID` int(11) NOT NULL,
  `wishlist_category_ID` int(11) NOT NULL,
  `wishlist_user_ID` int(11) NOT NULL,
  `wishlist_datetime` datetime NOT NULL,
  `wishlist_request_Ip` varchar(20) NOT NULL,
  PRIMARY KEY (`wishlist_ID`)
) ENGINE=MyISAM  DEFAULT CHARSET=latin1 AUTO_INCREMENT=8 ;

--
-- Dumping data for table `product_wishlist`
--

INSERT INTO `product_wishlist` (`wishlist_ID`, `wishlist_product_ID`, `wishlist_category_ID`, `wishlist_user_ID`, `wishlist_datetime`, `wishlist_request_Ip`) VALUES
(5, 3, 0, 1, '2012-11-16 16:20:20', '::1'),
(4, 1, 0, 1, '2012-11-09 12:02:53', '::1'),
(6, 2, 0, 1, '2012-11-16 16:20:32', '::1'),
(7, 5, 0, 1, '2012-11-16 17:32:06', '::1');

-- --------------------------------------------------------

--
-- Table structure for table `register_master`
--

CREATE TABLE IF NOT EXISTS `register_master` (
  `register_ID` int(11) NOT NULL AUTO_INCREMENT,
  `register_user_first_name` varchar(255) NOT NULL,
  `register_user_last_name` varchar(255) NOT NULL,
  `register_user_birth_date` date NOT NULL,
  `register_user_unit` varchar(255) NOT NULL,
  `register_user_street` varchar(255) NOT NULL,
  `register_user_subburb` varchar(255) NOT NULL,
  `register_user_state` varchar(255) NOT NULL,
  `register_user_pincode` varchar(100) NOT NULL,
  `register_user_country` varchar(255) NOT NULL,
  `register_user_email` varchar(255) NOT NULL,
  `register_user_password` varchar(255) NOT NULL,
  `register_user_phone` varchar(20) NOT NULL,
  `register_user_mobile` varchar(20) NOT NULL,
  `registration_date_time` datetime NOT NULL,
  `registration_IP` varchar(50) NOT NULL,
  PRIMARY KEY (`register_ID`)
) ENGINE=MyISAM  DEFAULT CHARSET=latin1 AUTO_INCREMENT=6 ;

--
-- Dumping data for table `register_master`
--

INSERT INTO `register_master` (`register_ID`, `register_user_first_name`, `register_user_last_name`, `register_user_birth_date`, `register_user_unit`, `register_user_street`, `register_user_subburb`, `register_user_state`, `register_user_pincode`, `register_user_country`, `register_user_email`, `register_user_password`, `register_user_phone`, `register_user_mobile`, `registration_date_time`, `registration_IP`) VALUES
(1, 'dipali', 'desai', '1989-12-12', 'erererer1', 'etet1', 'surat1', 'gujarat', '0201', 'Australia', 'd@d.com', 'ZGRkZGRk', '', '6789054689', '2012-10-31 10:21:33', '::1'),
(2, 'Nilesh', 'Parghi', '2006-05-18', 'Surat', 'Surat', 'Surat', 'Gujarat', '3545', 'Andorra', 'pardhinilesh@gmail.com', 'MTIzNDU2', '23126654656', '1234567890', '2012-11-06 18:03:46', '::1'),
(4, 'abcd', 'efg', '2012-12-04', 'dddddddd', '', '', '', '', '', 'c@c.com', 'Y2NjY2Nj', '', '', '2012-11-16 16:11:56', '::1'),
(5, 'abhi', 'desai', '0000-00-00', '12', 'sarvodaya', 'west Australlia', 'Australlia state', '0200', 'Australia', 'abhi@yahoo.com', 'MTIzNDU2', '', '9845623652', '2013-01-11 15:38:47', '::1');

-- --------------------------------------------------------

--
-- Table structure for table `register_user_login_logout_records`
--

CREATE TABLE IF NOT EXISTS `register_user_login_logout_records` (
  `login_logout_trans_ID` int(11) NOT NULL AUTO_INCREMENT,
  `login_logout_user_id` int(11) NOT NULL,
  `login_logout_datetime` datetime NOT NULL,
  `login_logout_IP_address` varchar(255) NOT NULL,
  `IS_login_logout` tinyint(4) NOT NULL COMMENT '1 = Login 2 = Logout',
  PRIMARY KEY (`login_logout_trans_ID`)
) ENGINE=MyISAM  DEFAULT CHARSET=latin1 AUTO_INCREMENT=23 ;

--
-- Dumping data for table `register_user_login_logout_records`
--

INSERT INTO `register_user_login_logout_records` (`login_logout_trans_ID`, `login_logout_user_id`, `login_logout_datetime`, `login_logout_IP_address`, `IS_login_logout`) VALUES
(1, 1, '2011-03-11 23:32:10', '122.170.90.39', 1),
(2, 1, '2011-03-11 23:36:50', '122.170.90.39', 2),
(3, 1, '2011-03-12 06:02:45', '122.170.90.39', 1),
(4, 1, '2011-03-12 06:35:54', '122.170.90.39', 2),
(5, 0, '2011-03-12 06:35:57', '122.170.90.39', 2),
(6, 1, '2011-03-13 22:17:50', '122.170.90.39', 1),
(7, 1, '2011-07-04 13:17:45', '192.168.3.9', 1),
(8, 1, '2011-07-04 13:20:08', '192.168.3.9', 2),
(9, 1, '2011-07-04 13:45:14', '192.168.3.9', 1),
(10, 2, '2011-07-04 14:11:22', '192.168.3.9', 1),
(11, 1, '2011-07-06 17:21:42', '127.0.0.1', 1),
(12, 1, '2011-07-07 09:54:02', '127.0.0.1', 1),
(13, 1, '2011-07-07 11:59:55', '127.0.0.1', 2),
(14, 1, '2011-07-07 18:29:15', '127.0.0.1', 1),
(15, 1, '2011-07-08 10:40:24', '127.0.0.1', 1),
(16, 1, '2011-07-09 12:03:27', '127.0.0.1', 1),
(17, 1, '2011-07-11 17:27:57', '127.0.0.1', 1),
(18, 1, '2011-07-11 18:39:04', '127.0.0.1', 2),
(19, 0, '2011-07-11 19:00:33', '127.0.0.1', 2),
(20, 2, '2011-08-09 09:59:36', '127.0.0.1', 1),
(21, 2, '2011-08-09 10:04:50', '127.0.0.1', 2),
(22, 2, '2011-09-29 12:49:09', '127.0.0.1', 1);

-- --------------------------------------------------------

--
-- Table structure for table `shipping_charges`
--

CREATE TABLE IF NOT EXISTS `shipping_charges` (
  `shipping_charge_ID` int(11) NOT NULL AUTO_INCREMENT,
  `shipping_zone` varchar(255) NOT NULL,
  `postcode` varchar(11) NOT NULL,
  `incl_GST` float(9,2) NOT NULL,
  `GST` float(9,2) NOT NULL,
  `ex_GST` float(9,2) NOT NULL,
  `shipping_is_avail` tinyint(4) NOT NULL,
  PRIMARY KEY (`shipping_charge_ID`)
) ENGINE=MyISAM  DEFAULT CHARSET=latin1 AUTO_INCREMENT=101 ;

--
-- Dumping data for table `shipping_charges`
--

INSERT INTO `shipping_charges` (`shipping_charge_ID`, `shipping_zone`, `postcode`, `incl_GST`, `GST`, `ex_GST`, `shipping_is_avail`) VALUES
(1, 'N2', '0200', 11.65, 1.06, 10.59, 1),
(2, 'N2', '0201', 11.65, 1.06, 10.59, 1),
(3, 'N2', '0202', 11.65, 1.06, 10.59, 1),
(4, 'N2', '0203', 11.65, 1.06, 10.59, 1),
(5, 'N2', '0204', 11.65, 1.06, 10.59, 1),
(6, 'N2', '0205', 11.65, 1.06, 10.59, 1),
(7, 'N2', '0206', 11.65, 1.06, 10.59, 1),
(8, 'N2', '0207', 11.65, 1.06, 10.59, 1),
(9, 'N2', '0208', 11.65, 1.06, 10.59, 1),
(10, 'N2', '0209', 11.65, 1.06, 10.59, 1),
(11, 'N2', '0210', 11.65, 1.06, 10.59, 1),
(12, 'N2', '0211', 11.65, 1.06, 10.59, 1),
(13, 'N2', '0212', 11.65, 1.06, 10.59, 1),
(14, 'N2', '0213', 11.65, 1.06, 10.59, 1),
(15, 'N2', '0214', 11.65, 1.06, 10.59, 1),
(16, 'N2', '0215', 11.65, 1.06, 10.59, 1),
(17, 'N2', '0216', 11.65, 1.06, 10.59, 1),
(18, 'N2', '0217', 11.65, 1.06, 10.59, 1),
(19, 'N2', '0218', 11.65, 1.06, 10.59, 1),
(20, 'N2', '0219', 11.65, 1.06, 10.59, 1),
(21, 'N2', '0220', 11.65, 1.06, 10.59, 1),
(22, 'N2', '0221', 11.65, 1.06, 10.59, 1),
(23, 'N2', '0222', 11.65, 1.06, 10.59, 1),
(24, 'N2', '0223', 11.65, 1.06, 10.59, 1),
(25, 'N2', '0224', 11.65, 1.06, 10.59, 1),
(26, 'N2', '0225', 11.65, 1.06, 10.59, 1),
(27, 'N2', '0226', 11.65, 1.06, 10.59, 1),
(28, 'N2', '0227', 11.65, 1.06, 10.59, 1),
(29, 'N2', '0228', 11.65, 1.06, 10.59, 1),
(30, 'N2', '0229', 11.65, 1.06, 10.59, 1),
(31, 'N2', '0230', 11.65, 1.06, 10.59, 1),
(32, 'N2', '0231', 11.65, 1.06, 10.59, 1),
(33, 'N2', '0232', 11.65, 1.06, 10.59, 1),
(34, 'N2', '0233', 11.65, 1.06, 10.59, 1),
(35, 'N2', '0234', 11.65, 1.06, 10.59, 1),
(36, 'N2', '0235', 11.65, 1.06, 10.59, 1),
(37, 'N2', '0236', 11.65, 1.06, 10.59, 1),
(38, 'N2', '0237', 11.65, 1.06, 10.59, 1),
(39, 'N2', '0238', 11.65, 1.06, 10.59, 1),
(40, 'N2', '0239', 11.65, 1.06, 10.59, 1),
(41, 'N2', '0240', 11.65, 1.06, 10.59, 1),
(42, 'N2', '0241', 11.65, 1.06, 10.59, 1),
(43, 'N2', '0242', 11.65, 1.06, 10.59, 1),
(44, 'N2', '0243', 11.65, 1.06, 10.59, 1),
(45, 'N2', '0244', 11.65, 1.06, 10.59, 1),
(46, 'N2', '0245', 11.65, 1.06, 10.59, 1),
(47, 'N2', '0246', 11.65, 1.06, 10.59, 1),
(48, 'N2', '0247', 11.65, 1.06, 10.59, 1),
(49, 'N2', '0248', 11.65, 1.06, 10.59, 1),
(50, 'N2', '0249', 11.65, 1.06, 10.59, 1),
(51, 'N2', '0250', 11.65, 1.06, 10.59, 1),
(52, 'N2', '0251', 11.65, 1.06, 10.59, 1),
(53, 'N2', '0252', 11.65, 1.06, 10.59, 1),
(54, 'N2', '0253', 11.65, 1.06, 10.59, 1),
(55, 'N2', '0254', 11.65, 1.06, 10.59, 1),
(56, 'N2', '0255', 11.65, 1.06, 10.59, 1),
(57, 'N2', '0256', 11.65, 1.06, 10.59, 1),
(58, 'N2', '0257', 11.65, 1.06, 10.59, 1),
(59, 'N2', '0258', 11.65, 1.06, 10.59, 1),
(60, 'N2', '0259', 11.65, 1.06, 10.59, 1),
(61, 'N2', '0260', 11.65, 1.06, 10.59, 1),
(62, 'N2', '0261', 11.65, 1.06, 10.59, 1),
(63, 'N2', '0262', 11.65, 1.06, 10.59, 1),
(64, 'N2', '0263', 11.65, 1.06, 10.59, 1),
(65, 'N2', '0264', 11.65, 1.06, 10.59, 1),
(66, 'N2', '0265', 11.65, 1.06, 10.59, 1),
(67, 'N2', '0266', 11.65, 1.06, 10.59, 1),
(68, 'N2', '0267', 11.65, 1.06, 10.59, 1),
(69, 'N2', '0268', 11.65, 1.06, 10.59, 1),
(70, 'N2', '0269', 11.65, 1.06, 10.59, 1),
(71, 'N2', '0270', 11.65, 1.06, 10.59, 1),
(72, 'N2', '0271', 11.65, 1.06, 10.59, 1),
(73, 'N2', '0272', 11.65, 1.06, 10.59, 1),
(74, 'N2', '0273', 11.65, 1.06, 10.59, 1),
(75, 'N2', '0274', 11.65, 1.06, 10.59, 1),
(76, 'N2', '0275', 11.65, 1.06, 10.59, 1),
(77, 'N2', '0276', 11.65, 1.06, 10.59, 1),
(78, 'N2', '0277', 11.65, 1.06, 10.59, 1),
(79, 'N2', '0278', 11.65, 1.06, 10.59, 1),
(80, 'N2', '0279', 11.65, 1.06, 10.59, 1),
(81, 'N2', '0280', 11.65, 1.06, 10.59, 1),
(82, 'N2', '0281', 11.65, 1.06, 10.59, 1),
(83, 'N2', '0282', 11.65, 1.06, 10.59, 1),
(84, 'N2', '0283', 11.65, 1.06, 10.59, 1),
(85, 'N2', '0284', 11.65, 1.06, 10.59, 1),
(86, 'N2', '0285', 11.65, 1.06, 10.59, 1),
(87, 'N2', '0286', 11.65, 1.06, 10.59, 1),
(88, 'N2', '0287', 11.65, 1.06, 10.59, 1),
(89, 'N2', '0288', 11.65, 1.06, 10.59, 1),
(90, 'N2', '0289', 11.65, 1.06, 10.59, 1),
(91, 'N2', '0290', 11.65, 1.06, 10.59, 1),
(92, 'N2', '0291', 11.65, 1.06, 10.59, 1),
(93, 'N2', '0292', 11.65, 1.06, 10.59, 1),
(94, 'N2', '0293', 11.65, 1.06, 10.59, 1),
(95, 'N2', '0294', 11.65, 1.06, 10.59, 1),
(96, 'N2', '0295', 11.65, 1.06, 10.59, 1),
(97, 'N2', '0296', 11.65, 1.06, 10.59, 1),
(98, 'N2', '0297', 11.65, 1.06, 10.59, 1),
(99, 'N2', '0298', 11.65, 1.06, 10.59, 1),
(100, 'N2', '0299', 11.65, 1.06, 10.59, 1);

-- --------------------------------------------------------

--
-- Table structure for table `size_mast`
--

CREATE TABLE IF NOT EXISTS `size_mast` (
  `size_id` int(11) NOT NULL AUTO_INCREMENT,
  `size` varchar(255) NOT NULL,
  `size_active_status` tinyint(4) NOT NULL,
  PRIMARY KEY (`size_id`)
) ENGINE=MyISAM  DEFAULT CHARSET=latin1 AUTO_INCREMENT=9 ;

--
-- Dumping data for table `size_mast`
--

INSERT INTO `size_mast` (`size_id`, `size`, `size_active_status`) VALUES
(1, '"S" or 14', 1),
(2, '"M" or 16', 1),
(3, '"L" or 18', 1),
(4, '"XL" or 20', 1),
(5, '22', 1),
(6, '24', 1),
(7, '26', 1),
(8, '28', 1);

-- --------------------------------------------------------

--
-- Table structure for table `slider_mst`
--

CREATE TABLE IF NOT EXISTS `slider_mst` (
  `slider_Id` int(11) NOT NULL AUTO_INCREMENT,
  `is_Image` text,
  `disp_Order` tinyint(4) DEFAULT NULL,
  `page_Link` text,
  PRIMARY KEY (`slider_Id`)
) ENGINE=MyISAM  DEFAULT CHARSET=latin1 AUTO_INCREMENT=4 ;

--
-- Dumping data for table `slider_mst`
--

INSERT INTO `slider_mst` (`slider_Id`, `is_Image`, `disp_Order`, `page_Link`) VALUES
(1, 'photo1.png', 2, ''),
(2, 'photo2.png', 1, 'http://localhost/classic_kids/index.php?content=1&type=1'),
(3, 'photo3.png', 3, '');

-- --------------------------------------------------------

--
-- Table structure for table `testimonial_mast`
--

CREATE TABLE IF NOT EXISTS `testimonial_mast` (
  `testimonial_id` int(11) NOT NULL AUTO_INCREMENT,
  `testimonial_title` varchar(255) NOT NULL,
  `testimonial_desc` longtext NOT NULL,
  `testimonial_datetime` datetime NOT NULL,
  PRIMARY KEY (`testimonial_id`)
) ENGINE=MyISAM  DEFAULT CHARSET=latin1 AUTO_INCREMENT=7 ;

--
-- Dumping data for table `testimonial_mast`
--

INSERT INTO `testimonial_mast` (`testimonial_id`, `testimonial_title`, `testimonial_desc`, `testimonial_datetime`) VALUES
(5, 'ABCD', 'ABCD details', '2012-11-19 16:14:28'),
(6, 'sdfsdf', 'sdfsdfsdf', '2012-11-19 16:45:56');

/*!40101 SET CHARACTER_SET_CLIENT=@OLD_CHARACTER_SET_CLIENT */;
/*!40101 SET CHARACTER_SET_RESULTS=@OLD_CHARACTER_SET_RESULTS */;
/*!40101 SET COLLATION_CONNECTION=@OLD_COLLATION_CONNECTION */;
